2026-07-28T23:11:52.137148+00:00	new_endpoint	new	new endpoint: POST /batch/import
2026-07-28T23:11:52.145003+00:00	new_endpoint	new	new endpoint: POST /logv2
2026-07-28T23:15:14.964977+00:00	new_endpoint	new	new endpoint: POST /v1/events
2026-07-28T23:15:15.779959+00:00	new_endpoint	new	new endpoint: POST /events
2026-07-28T23:15:33.692103+00:00	new_endpoint	new	new endpoint: POST /v1/events/ingestion_front_end
2026-07-28T23:15:34.951867+00:00	schema_change	new	POST /v1/events [request] field 'session_duration' disappeared (was required)
2026-07-28T23:15:34.955387+00:00	schema_change	new	POST /v1/events [request] field 'primary_ui_type' disappeared (was required)
2026-07-28T23:15:34.957289+00:00	schema_change	new	POST /v1/events [request] field 'app_platform_type' disappeared (was required)
2026-07-28T23:15:34.959041+00:00	schema_change	new	POST /v1/events [request] field 'alerts.accepted_count' disappeared (was required)
2026-07-28T23:15:34.960764+00:00	schema_change	new	POST /v1/events [request] field 'alerts.accepted_classic_inline_count' disappeared (was required)
2026-07-28T23:15:34.962355+00:00	schema_change	new	POST /v1/events [request] field 'alerts.accepted_classic_long_form_count' disappeared (was required)
2026-07-28T23:15:34.964269+00:00	schema_change	new	POST /v1/events [request] field 'alerts.accepted_classic_short_form_count' disappeared (was required)
2026-07-28T23:15:34.965932+00:00	schema_change	new	POST /v1/events [request] field 'alerts.accepted_generation_inserts_count' disappeared (was required)
2026-07-28T23:15:34.967642+00:00	schema_change	new	POST /v1/events [request] field 'alerts.accepted_snippets_count' disappeared (was required)
2026-07-28T23:15:34.969122+00:00	schema_change	new	POST /v1/events [request] field 'alerts.accepted_classic_count' disappeared (was required)
2026-07-28T23:15:34.970754+00:00	schema_change	new	POST /v1/events [request] field 'alerts.accepted_inline' disappeared (was required)
2026-07-28T23:15:34.972351+00:00	schema_change	new	POST /v1/events [request] field 'alerts.accepted_revision' disappeared (was required)
2026-07-28T23:15:34.973992+00:00	schema_change	new	POST /v1/events [request] field 'alerts.ignored_inline' disappeared (was required)
2026-07-28T23:15:34.975910+00:00	schema_change	new	POST /v1/events [request] field 'alerts.ignored_revision' disappeared (was required)
2026-07-28T23:15:34.977633+00:00	schema_change	new	POST /v1/events [request] field 'alerts.shown_inline' disappeared (was required)
2026-07-28T23:15:34.979348+00:00	schema_change	new	POST /v1/events [request] field 'alerts.accepted_vbar_count' disappeared (was required)
2026-07-28T23:15:34.981044+00:00	schema_change	new	POST /v1/events [request] field 'alerts.rewrite_under_30_chars' disappeared (was required)
2026-07-28T23:15:34.982533+00:00	schema_change	new	POST /v1/events [request] field 'alerts.rewrite_31_100_chars' disappeared (was required)
2026-07-28T23:15:34.984053+00:00	schema_change	new	POST /v1/events [request] field 'alerts.rewrite_101_200_chars' disappeared (was required)
2026-07-28T23:15:34.985742+00:00	schema_change	new	POST /v1/events [request] field 'alerts.rewrite_beyond_200_chars' disappeared (was required)
2026-07-28T23:15:34.987360+00:00	schema_change	new	POST /v1/events [request] field 'alerts.long_rewrite_count' disappeared (was required)
2026-07-28T23:15:34.989238+00:00	schema_change	new	POST /v1/events [request] field 'alerts.short_rewrite_count' disappeared (was required)
2026-07-28T23:15:34.990836+00:00	schema_change	new	POST /v1/events [request] field 'alerts.nonce' disappeared (was required)
2026-07-28T23:15:34.992312+00:00	schema_change	new	POST /v1/events [request] field 'text_corruption.count' disappeared (was required)
2026-07-28T23:15:34.993951+00:00	schema_change	new	POST /v1/events [request] field 'text_corruption.classic_inline_count' disappeared (was required)
2026-07-28T23:15:34.995463+00:00	schema_change	new	POST /v1/events [request] field 'text_corruption.classic_long_form_count' disappeared (was required)
2026-07-28T23:15:34.997049+00:00	schema_change	new	POST /v1/events [request] field 'text_corruption.classic_short_form_count' disappeared (was required)
2026-07-28T23:15:34.998783+00:00	schema_change	new	POST /v1/events [request] field 'text_corruption.generation_inserts_count' disappeared (was required)
2026-07-28T23:15:35.000341+00:00	schema_change	new	POST /v1/events [request] field 'text_corruption.snippets_count' disappeared (was required)
2026-07-28T23:15:35.001937+00:00	schema_change	new	POST /v1/events [request] field 'text_corruption.classic_count' disappeared (was required)
2026-07-28T23:15:35.003619+00:00	schema_change	new	POST /v1/events [request] field 'text_corruption.vbar_count' disappeared (was required)
2026-07-28T23:15:35.005347+00:00	schema_change	new	POST /v1/events [request] field 'text_corruption.rewrite_under_30_chars' disappeared (was required)
2026-07-28T23:15:35.007049+00:00	schema_change	new	POST /v1/events [request] field 'text_corruption.rewrite_31_100_chars' disappeared (was required)
2026-07-28T23:15:35.008593+00:00	schema_change	new	POST /v1/events [request] field 'text_corruption.rewrite_101_200_chars' disappeared (was required)
2026-07-28T23:15:35.010021+00:00	schema_change	new	POST /v1/events [request] field 'text_corruption.rewrite_beyond_200_chars' disappeared (was required)
2026-07-28T23:15:35.011721+00:00	schema_change	new	POST /v1/events [request] field 'text_corruption.long_rewrite_count' disappeared (was required)
2026-07-28T23:15:35.013240+00:00	schema_change	new	POST /v1/events [request] field 'text_corruption.short_rewrite_count' disappeared (was required)
2026-07-28T23:15:35.014873+00:00	schema_change	new	POST /v1/events [request] field 'text_corruption.nonce' disappeared (was required)
2026-07-28T23:15:35.016500+00:00	schema_change	new	POST /v1/events [request] field 'final_text_length' disappeared (was required)
2026-07-28T23:15:35.018118+00:00	schema_change	new	POST /v1/events [request] field 'apply_status.corrupted_count' disappeared (was required)
2026-07-28T23:15:35.019752+00:00	schema_change	new	POST /v1/events [request] field 'apply_status.fail_count' disappeared (was required)
2026-07-28T23:15:35.021328+00:00	schema_change	new	POST /v1/events [request] field 'apply_status.unknown_count' disappeared (was required)
2026-07-28T23:15:35.022932+00:00	schema_change	new	POST /v1/events [request] field 'apply_status.nonce' disappeared (was required)
2026-07-28T23:15:35.024597+00:00	schema_change	new	POST /v1/events [request] field 'brand_tone_shown' disappeared (was required)
2026-07-28T23:15:35.026339+00:00	schema_change	new	POST /v1/events [request] field 'free_premium_suggestions_available' disappeared (was required)
2026-07-28T23:15:35.027824+00:00	schema_change	new	POST /v1/events [request] field 'out_of_sync_count' disappeared (was required)
2026-07-28T23:15:35.029340+00:00	schema_change	new	POST /v1/events [request] field 'typed_chars_count' disappeared (was required)
2026-07-28T23:15:35.030867+00:00	schema_change	new	POST /v1/events [request] field 'time_spent_in.inline' disappeared (was required)
2026-07-28T23:15:35.032431+00:00	schema_change	new	POST /v1/events [request] field 'time_spent_in.long_form' disappeared (was required)
2026-07-28T23:15:35.033868+00:00	schema_change	new	POST /v1/events [request] field 'time_spent_in.short_form' disappeared (was required)
2026-07-28T23:15:35.034991+00:00	schema_change	new	POST /v1/events [request] field 'time_spent_in.cheetah' disappeared (was required)
2026-07-28T23:15:35.036165+00:00	schema_change	new	POST /v1/events [request] field 'time_spent_in.nonce' disappeared (was required)
2026-07-28T23:15:35.037411+00:00	schema_change	new	POST /v1/events [request] field 'app_version' disappeared (was required)
2026-07-28T23:15:35.038629+00:00	schema_change	new	POST /v1/events [request] field 'extra.acc2SelectCount' disappeared (was required)
2026-07-28T23:15:35.039789+00:00	schema_change	new	POST /v1/events [request] field 'extra.acc2SelectUIAutoFallbackCount' disappeared (was required)
2026-07-28T23:15:35.040923+00:00	schema_change	new	POST /v1/events [request] field 'extra.acc2SelectUIAutoFallbackFailedCount' disappeared (was required)
2026-07-28T23:15:35.042185+00:00	schema_change	new	POST /v1/events [request] field 'extra.acc2SelectUIAutoAndKbSimFallbackCount' disappeared (was required)
2026-07-28T23:15:35.043273+00:00	schema_change	new	POST /v1/events [request] field 'extra.acc2SelectUIAutoAndKbSimFallbackFailedCount' disappeared (was required)
2026-07-28T23:15:35.044432+00:00	schema_change	new	POST /v1/events [request] field 'extra.accessible2KeyboardSimulationSelectionCount' disappeared (was required)
2026-07-28T23:15:35.045559+00:00	schema_change	new	POST /v1/events [request] field 'extra.accessible2LongKeyboardSimulationSelectionCount' disappeared (was required)
2026-07-28T23:15:35.046786+00:00	schema_change	new	POST /v1/events [request] field 'extra.isSduiFeed' disappeared (was required)
2026-07-28T23:15:35.047961+00:00	schema_change	new	POST /v1/events [request] field 'extra.pluginActivation' disappeared (was required)
2026-07-28T23:15:35.049187+00:00	schema_change	new	POST /v1/events [request] field 'extra.lockedUISuggestionsAvailable' disappeared (was required)
2026-07-28T23:15:35.050316+00:00	schema_change	new	POST /v1/events [request] field 'extra.fieldHeight' disappeared (was required)
2026-07-28T23:15:35.051431+00:00	schema_change	new	POST /v1/events [request] field 'extra.fieldWidth' disappeared (was required)
2026-07-28T23:15:35.052576+00:00	schema_change	new	POST /v1/events [request] field 'extra.pagedModeEnabled' disappeared (was required)
2026-07-28T23:15:35.053690+00:00	schema_change	new	POST /v1/events [request] new field 'last_stage' (string)
2026-07-28T23:15:35.054872+00:00	schema_change	new	POST /v1/events [request] new field 'trigger_reason' (string)
2026-07-28T23:15:35.056076+00:00	schema_change	new	POST /v1/events [request] new field 'trigger_ts' (number)
2026-07-28T23:15:35.057276+00:00	schema_change	new	POST /v1/events [request] new field 'intent_ts' (number)
2026-07-28T23:15:35.058451+00:00	schema_change	new	POST /v1/events [request] new field 'detection_ts' (number)
2026-07-28T23:15:35.059556+00:00	schema_change	new	POST /v1/events [request] new field 'start_session_sent_ts' (number)
2026-07-28T23:15:35.060686+00:00	schema_change	new	POST /v1/events [request] new field 'start_session_received_ts' (number)
2026-07-28T23:15:35.061760+00:00	schema_change	new	POST /v1/events [request] new field 'first_message_sent_with_revision_id_ts' (number)
2026-07-28T23:15:35.062872+00:00	schema_change	new	POST /v1/events [request] new field 'first_message_sent_with_revision_id_text_length' (number)
2026-07-28T23:15:35.063971+00:00	schema_change	new	POST /v1/events [request] new field 'first_message_received_with_revision_id_ts' (number)
2026-07-28T23:15:35.065198+00:00	schema_change	new	POST /v1/events [request] new field 'g_button_shown_ts' (number)
2026-07-28T23:15:35.066350+00:00	schema_change	new	POST /v1/events [request] new field 'g_button_initialized_ts' (number)
2026-07-28T23:15:35.067448+00:00	schema_change	new	POST /v1/events [request] new field 'g_button_shown_status' (string)
2026-07-28T23:15:35.068566+00:00	schema_change	new	POST /v1/events [request] new field 'assistant_available' (boolean)
2026-07-28T23:15:35.069786+00:00	schema_change	new	POST /v1/events [request] new field 'g_button_initialized_status' (string)
2026-07-28T23:15:35.070864+00:00	schema_change	new	POST /v1/events [request] new field 'suggestion_count' (number)
2026-07-28T23:15:35.071950+00:00	schema_change	new	POST /v1/events [request] field 'emogenie_shown' type changed: ['number'] -> +boolean
2026-07-28T23:15:35.073167+00:00	schema_change	new	POST /v1/events [request] new field 'capi_session_type' (string)
2026-07-28T23:15:35.074259+00:00	schema_change	new	POST /v1/events [request] new field 'initial_text_length' (number)
2026-07-28T23:15:35.075484+00:00	schema_change	new	POST /v1/events [request] new field 'plugin_activation' (string)
2026-07-28T23:15:35.076568+00:00	schema_change	new	POST /v1/events [request] new field 'plugin_instance_id' (null)
2026-07-28T23:15:35.077663+00:00	schema_change	new	POST /v1/events [request] field 'hostname' observed null for the first time (was always populated)
2026-07-28T23:15:35.078775+00:00	schema_change	new	POST /v1/events [request] new field 'is_decoration_shown_applicable' (null)
2026-07-28T23:17:08.004544+00:00	schema_change	new	POST /v1/events [request] field 'emogenie_shown' disappeared (was required)
2026-07-28T23:17:08.005768+00:00	schema_change	new	POST /v1/events [request] field 'last_stage' disappeared (was required)
2026-07-28T23:17:08.006909+00:00	schema_change	new	POST /v1/events [request] field 'trigger_reason' disappeared (was required)
2026-07-28T23:17:08.008096+00:00	schema_change	new	POST /v1/events [request] field 'trigger_ts' disappeared (was required)
2026-07-28T23:17:08.009231+00:00	schema_change	new	POST /v1/events [request] field 'intent_ts' disappeared (was required)
2026-07-28T23:17:08.010283+00:00	schema_change	new	POST /v1/events [request] field 'detection_ts' disappeared (was required)
2026-07-28T23:17:08.011376+00:00	schema_change	new	POST /v1/events [request] field 'start_session_sent_ts' disappeared (was required)
2026-07-28T23:17:08.012478+00:00	schema_change	new	POST /v1/events [request] field 'start_session_received_ts' disappeared (was required)
2026-07-28T23:17:08.013720+00:00	schema_change	new	POST /v1/events [request] field 'first_message_sent_with_revision_id_ts' disappeared (was required)
2026-07-28T23:17:08.014809+00:00	schema_change	new	POST /v1/events [request] field 'first_message_sent_with_revision_id_text_length' disappeared (was required)
2026-07-28T23:17:08.015916+00:00	schema_change	new	POST /v1/events [request] field 'first_message_received_with_revision_id_ts' disappeared (was required)
2026-07-28T23:17:08.017023+00:00	schema_change	new	POST /v1/events [request] field 'g_button_shown_ts' disappeared (was required)
2026-07-28T23:17:08.018233+00:00	schema_change	new	POST /v1/events [request] field 'g_button_initialized_ts' disappeared (was required)
2026-07-28T23:17:08.019397+00:00	schema_change	new	POST /v1/events [request] field 'g_button_shown_status' disappeared (was required)
2026-07-28T23:17:08.020507+00:00	schema_change	new	POST /v1/events [request] field 'assistant_available' disappeared (was required)
2026-07-28T23:17:08.021722+00:00	schema_change	new	POST /v1/events [request] field 'g_button_initialized_status' disappeared (was required)
2026-07-28T23:17:08.022808+00:00	schema_change	new	POST /v1/events [request] field 'suggestion_count' disappeared (was required)
2026-07-28T23:17:08.023925+00:00	schema_change	new	POST /v1/events [request] field 'capi_session_type' disappeared (was required)
2026-07-28T23:17:08.025026+00:00	schema_change	new	POST /v1/events [request] field 'initial_text_length' disappeared (was required)
2026-07-28T23:17:08.026138+00:00	schema_change	new	POST /v1/events [request] field 'plugin_activation' disappeared (was required)
2026-07-28T23:17:08.027275+00:00	schema_change	new	POST /v1/events [request] new field 'latency' (number)
2026-07-28T23:17:08.028378+00:00	schema_change	new	POST /v1/events [request] new field 'text_length' (number)
2026-07-28T23:17:08.029403+00:00	schema_change	new	POST /v1/events [request] new field 'memory_average_working_set_mb' (null)
2026-07-28T23:17:08.030520+00:00	schema_change	new	POST /v1/events [request] new field 'memory_average_managed_memory_mb' (null)
2026-07-28T23:17:08.031734+00:00	schema_change	new	POST /v1/events [request] new field 'memory_average_commit_size_mb' (null)
2026-07-28T23:17:08.032920+00:00	schema_change	new	POST /v1/events [request] new field 'extra.source' (string)
2026-07-28T23:17:08.034014+00:00	schema_change	new	POST /v1/events [request] new field 'extra.status' (string)
2026-07-28T23:17:08.035120+00:00	schema_change	new	POST /v1/events [request] new field 'extra.alert_group' (string)
2026-07-28T23:17:08.036268+00:00	schema_change	new	POST /v1/events [request] new field 'extra.alert_category' (string)
2026-07-28T23:17:08.037406+00:00	schema_change	new	POST /v1/events [request] new field 'extra.alert_pname' (string)
2026-07-28T23:17:08.038520+00:00	schema_change	new	POST /v1/events [request] new field 'extra.replacement_length' (string)
2026-07-28T23:17:08.039600+00:00	schema_change	new	POST /v1/events [request] new field 'extra.affected_text_length' (string)
2026-07-28T23:17:08.040633+00:00	schema_change	new	POST /v1/events [request] new field 'extra.integration_kind' (string)
2026-07-28T23:19:09.194660+00:00	schema_change	new	POST /v1/events [request] field 'latency' disappeared (was required)
2026-07-28T23:19:09.198959+00:00	schema_change	new	POST /v1/events [request] field 'text_length' disappeared (was required)
2026-07-28T23:19:09.199669+00:00	schema_change	new	POST /v1/events [request] field 'extra.source' disappeared (was required)
2026-07-28T23:19:09.200328+00:00	schema_change	new	POST /v1/events [request] field 'extra.status' disappeared (was required)
2026-07-28T23:19:09.201059+00:00	schema_change	new	POST /v1/events [request] field 'extra.alert_group' disappeared (was required)
2026-07-28T23:19:09.201686+00:00	schema_change	new	POST /v1/events [request] field 'extra.alert_category' disappeared (was required)
2026-07-28T23:19:09.202297+00:00	schema_change	new	POST /v1/events [request] field 'extra.alert_pname' disappeared (was required)
2026-07-28T23:19:09.202964+00:00	schema_change	new	POST /v1/events [request] field 'extra.replacement_length' disappeared (was required)
2026-07-28T23:19:09.203578+00:00	schema_change	new	POST /v1/events [request] field 'extra.affected_text_length' disappeared (was required)
2026-07-28T23:19:09.204179+00:00	schema_change	new	POST /v1/events [request] field 'extra.integration_kind' disappeared (was required)
2026-07-28T23:19:10.703544+00:00	schema_change	new	POST /v1/events [request] field 'session_id' observed null for the first time (was always populated)
2026-07-28T23:20:02.283936+00:00	schema_change	new	POST /v1/events/ingestion_front_end [request] field 'hostname' type changed: ['null'] -> +string
2026-07-28T23:20:02.291172+00:00	schema_change	new	POST /v1/events/ingestion_front_end [request] field 'session_id' type changed: ['null'] -> +string
2026-07-28T23:24:08.357642+00:00	new_endpoint	new	new endpoint: GET /authorship/v1/user/1508776617/settings
2026-07-28T23:26:35.774648+00:00	new_endpoint	new	new endpoint: POST /experimentation/treatment/get
2026-07-28T23:26:35.775552+00:00	schema_change	new	POST /experimentation/treatment/get [response] new field '$' (array)
2026-07-28T23:26:35.905731+00:00	new_endpoint	new	new endpoint: POST /experimentation/gates/get
2026-07-28T23:26:35.906752+00:00	schema_change	new	POST /experimentation/gates/get [response] new field '$' (array)
2026-07-29T00:19:43.509285+00:00	new_endpoint	new	new endpoint: POST /v1/events
2026-07-29T00:19:44.113116+00:00	new_endpoint	new	new endpoint: POST /events
2026-07-29T00:20:01.939501+00:00	new_endpoint	new	new endpoint: POST /v1/events/ingestion_front_end
2026-07-29T00:20:02.036167+00:00	schema_change	new	POST /v1/events [request] field 'session_duration' disappeared (was required)
2026-07-29T00:20:02.036981+00:00	schema_change	new	POST /v1/events [request] field 'primary_ui_type' disappeared (was required)
2026-07-29T00:20:02.037637+00:00	schema_change	new	POST /v1/events [request] field 'app_platform_type' disappeared (was required)
2026-07-29T00:20:02.038448+00:00	schema_change	new	POST /v1/events [request] field 'alerts.accepted_count' disappeared (was required)
2026-07-29T00:20:02.039289+00:00	schema_change	new	POST /v1/events [request] field 'alerts.accepted_classic_inline_count' disappeared (was required)
2026-07-29T00:20:02.039950+00:00	schema_change	new	POST /v1/events [request] field 'alerts.accepted_classic_long_form_count' disappeared (was required)
2026-07-29T00:20:02.040575+00:00	schema_change	new	POST /v1/events [request] field 'alerts.accepted_classic_short_form_count' disappeared (was required)
2026-07-29T00:20:02.041191+00:00	schema_change	new	POST /v1/events [request] field 'alerts.accepted_generation_inserts_count' disappeared (was required)
2026-07-29T00:20:02.042005+00:00	schema_change	new	POST /v1/events [request] field 'alerts.accepted_snippets_count' disappeared (was required)
2026-07-29T00:20:02.042686+00:00	schema_change	new	POST /v1/events [request] field 'alerts.accepted_classic_count' disappeared (was required)
2026-07-29T00:20:02.043294+00:00	schema_change	new	POST /v1/events [request] field 'alerts.accepted_inline' disappeared (was required)
2026-07-29T00:20:02.043889+00:00	schema_change	new	POST /v1/events [request] field 'alerts.accepted_revision' disappeared (was required)
2026-07-29T00:20:02.044468+00:00	schema_change	new	POST /v1/events [request] field 'alerts.ignored_inline' disappeared (was required)
2026-07-29T00:20:02.045068+00:00	schema_change	new	POST /v1/events [request] field 'alerts.ignored_revision' disappeared (was required)
2026-07-29T00:20:02.045854+00:00	schema_change	new	POST /v1/events [request] field 'alerts.shown_inline' disappeared (was required)
2026-07-29T00:20:02.046724+00:00	schema_change	new	POST /v1/events [request] field 'alerts.accepted_vbar_count' disappeared (was required)
2026-07-29T00:20:02.047613+00:00	schema_change	new	POST /v1/events [request] field 'alerts.rewrite_under_30_chars' disappeared (was required)
2026-07-29T00:20:02.048498+00:00	schema_change	new	POST /v1/events [request] field 'alerts.rewrite_31_100_chars' disappeared (was required)
2026-07-29T00:20:02.049283+00:00	schema_change	new	POST /v1/events [request] field 'alerts.rewrite_101_200_chars' disappeared (was required)
2026-07-29T00:20:02.049956+00:00	schema_change	new	POST /v1/events [request] field 'alerts.rewrite_beyond_200_chars' disappeared (was required)
2026-07-29T00:20:02.050643+00:00	schema_change	new	POST /v1/events [request] field 'alerts.long_rewrite_count' disappeared (was required)
2026-07-29T00:20:02.051277+00:00	schema_change	new	POST /v1/events [request] field 'alerts.short_rewrite_count' disappeared (was required)
2026-07-29T00:20:02.051881+00:00	schema_change	new	POST /v1/events [request] field 'alerts.nonce' disappeared (was required)
2026-07-29T00:20:02.052627+00:00	schema_change	new	POST /v1/events [request] field 'text_corruption.count' disappeared (was required)
2026-07-29T00:20:02.053524+00:00	schema_change	new	POST /v1/events [request] field 'text_corruption.classic_inline_count' disappeared (was required)
2026-07-29T00:20:02.054401+00:00	schema_change	new	POST /v1/events [request] field 'text_corruption.classic_long_form_count' disappeared (was required)
2026-07-29T00:20:02.055171+00:00	schema_change	new	POST /v1/events [request] field 'text_corruption.classic_short_form_count' disappeared (was required)
2026-07-29T00:20:02.055864+00:00	schema_change	new	POST /v1/events [request] field 'text_corruption.generation_inserts_count' disappeared (was required)
2026-07-29T00:20:02.056477+00:00	schema_change	new	POST /v1/events [request] field 'text_corruption.snippets_count' disappeared (was required)
2026-07-29T00:20:02.057123+00:00	schema_change	new	POST /v1/events [request] field 'text_corruption.classic_count' disappeared (was required)
2026-07-29T00:20:02.057759+00:00	schema_change	new	POST /v1/events [request] field 'text_corruption.vbar_count' disappeared (was required)
2026-07-29T00:20:02.058607+00:00	schema_change	new	POST /v1/events [request] field 'text_corruption.rewrite_under_30_chars' disappeared (was required)
2026-07-29T00:20:02.059462+00:00	schema_change	new	POST /v1/events [request] field 'text_corruption.rewrite_31_100_chars' disappeared (was required)
2026-07-29T00:20:02.060185+00:00	schema_change	new	POST /v1/events [request] field 'text_corruption.rewrite_101_200_chars' disappeared (was required)
2026-07-29T00:20:02.060839+00:00	schema_change	new	POST /v1/events [request] field 'text_corruption.rewrite_beyond_200_chars' disappeared (was required)
2026-07-29T00:20:02.061460+00:00	schema_change	new	POST /v1/events [request] field 'text_corruption.long_rewrite_count' disappeared (was required)
2026-07-29T00:20:02.062071+00:00	schema_change	new	POST /v1/events [request] field 'text_corruption.short_rewrite_count' disappeared (was required)
2026-07-29T00:20:02.062674+00:00	schema_change	new	POST /v1/events [request] field 'text_corruption.nonce' disappeared (was required)
2026-07-29T00:20:02.063319+00:00	schema_change	new	POST /v1/events [request] field 'final_text_length' disappeared (was required)
2026-07-29T00:20:02.064118+00:00	schema_change	new	POST /v1/events [request] field 'apply_status.corrupted_count' disappeared (was required)
2026-07-29T00:20:02.064888+00:00	schema_change	new	POST /v1/events [request] field 'apply_status.fail_count' disappeared (was required)
2026-07-29T00:20:02.065503+00:00	schema_change	new	POST /v1/events [request] field 'apply_status.unknown_count' disappeared (was required)
2026-07-29T00:20:02.065993+00:00	schema_change	new	POST /v1/events [request] field 'apply_status.nonce' disappeared (was required)
2026-07-29T00:20:02.066461+00:00	schema_change	new	POST /v1/events [request] field 'brand_tone_shown' disappeared (was required)
2026-07-29T00:20:02.066938+00:00	schema_change	new	POST /v1/events [request] field 'free_premium_suggestions_available' disappeared (was required)
2026-07-29T00:20:02.067575+00:00	schema_change	new	POST /v1/events [request] field 'out_of_sync_count' disappeared (was required)
2026-07-29T00:20:02.068413+00:00	schema_change	new	POST /v1/events [request] field 'typed_chars_count' disappeared (was required)
2026-07-29T00:20:02.069158+00:00	schema_change	new	POST /v1/events [request] field 'time_spent_in.inline' disappeared (was required)
2026-07-29T00:20:02.069800+00:00	schema_change	new	POST /v1/events [request] field 'time_spent_in.long_form' disappeared (was required)
2026-07-29T00:20:02.070413+00:00	schema_change	new	POST /v1/events [request] field 'time_spent_in.short_form' disappeared (was required)
2026-07-29T00:20:02.071019+00:00	schema_change	new	POST /v1/events [request] field 'time_spent_in.cheetah' disappeared (was required)
2026-07-29T00:20:02.071779+00:00	schema_change	new	POST /v1/events [request] field 'time_spent_in.nonce' disappeared (was required)
2026-07-29T00:20:02.072618+00:00	schema_change	new	POST /v1/events [request] field 'app_version' disappeared (was required)
2026-07-29T00:20:02.073346+00:00	schema_change	new	POST /v1/events [request] field 'extra.acc2SelectCount' disappeared (was required)
2026-07-29T00:20:02.073989+00:00	schema_change	new	POST /v1/events [request] field 'extra.acc2SelectUIAutoFallbackCount' disappeared (was required)
2026-07-29T00:20:02.074741+00:00	schema_change	new	POST /v1/events [request] field 'extra.acc2SelectUIAutoFallbackFailedCount' disappeared (was required)
2026-07-29T00:20:02.075436+00:00	schema_change	new	POST /v1/events [request] field 'extra.acc2SelectUIAutoAndKbSimFallbackCount' disappeared (was required)
2026-07-29T00:20:02.076061+00:00	schema_change	new	POST /v1/events [request] field 'extra.acc2SelectUIAutoAndKbSimFallbackFailedCount' disappeared (was required)
2026-07-29T00:20:02.076705+00:00	schema_change	new	POST /v1/events [request] field 'extra.accessible2KeyboardSimulationSelectionCount' disappeared (was required)
2026-07-29T00:20:02.077354+00:00	schema_change	new	POST /v1/events [request] field 'extra.accessible2LongKeyboardSimulationSelectionCount' disappeared (was required)
2026-07-29T00:20:02.077946+00:00	schema_change	new	POST /v1/events [request] field 'extra.isSduiFeed' disappeared (was required)
2026-07-29T00:20:02.078513+00:00	schema_change	new	POST /v1/events [request] field 'extra.pluginActivation' disappeared (was required)
2026-07-29T00:20:02.079102+00:00	schema_change	new	POST /v1/events [request] field 'extra.lockedUISuggestionsAvailable' disappeared (was required)
2026-07-29T00:20:02.079718+00:00	schema_change	new	POST /v1/events [request] field 'extra.fieldHeight' disappeared (was required)
2026-07-29T00:20:02.080293+00:00	schema_change	new	POST /v1/events [request] field 'extra.fieldWidth' disappeared (was required)
2026-07-29T00:20:02.080877+00:00	schema_change	new	POST /v1/events [request] field 'extra.pagedModeEnabled' disappeared (was required)
2026-07-29T00:20:02.081449+00:00	schema_change	new	POST /v1/events [request] new field 'last_stage' (string)
2026-07-29T00:20:02.082049+00:00	schema_change	new	POST /v1/events [request] new field 'trigger_reason' (string)
2026-07-29T00:20:02.082643+00:00	schema_change	new	POST /v1/events [request] new field 'trigger_ts' (number)
2026-07-29T00:20:02.083241+00:00	schema_change	new	POST /v1/events [request] new field 'intent_ts' (number)
2026-07-29T00:20:02.083829+00:00	schema_change	new	POST /v1/events [request] new field 'detection_ts' (number)
2026-07-29T00:20:02.084397+00:00	schema_change	new	POST /v1/events [request] new field 'start_session_sent_ts' (number)
2026-07-29T00:20:02.085463+00:00	schema_change	new	POST /v1/events [request] new field 'start_session_received_ts' (number)
2026-07-29T00:20:02.086052+00:00	schema_change	new	POST /v1/events [request] new field 'first_message_sent_with_revision_id_ts' (number)
2026-07-29T00:20:02.086641+00:00	schema_change	new	POST /v1/events [request] new field 'first_message_sent_with_revision_id_text_length' (number)
2026-07-29T00:20:02.087224+00:00	schema_change	new	POST /v1/events [request] new field 'first_message_received_with_revision_id_ts' (number)
2026-07-29T00:20:02.087796+00:00	schema_change	new	POST /v1/events [request] new field 'g_button_shown_ts' (number)
2026-07-29T00:20:02.088388+00:00	schema_change	new	POST /v1/events [request] new field 'g_button_initialized_ts' (number)
2026-07-29T00:20:02.088978+00:00	schema_change	new	POST /v1/events [request] new field 'g_button_shown_status' (string)
2026-07-29T00:20:02.089563+00:00	schema_change	new	POST /v1/events [request] new field 'assistant_available' (boolean)
2026-07-29T00:20:02.090155+00:00	schema_change	new	POST /v1/events [request] new field 'g_button_initialized_status' (string)
2026-07-29T00:20:02.090776+00:00	schema_change	new	POST /v1/events [request] new field 'suggestion_count' (number)
2026-07-29T00:20:02.091347+00:00	schema_change	new	POST /v1/events [request] field 'emogenie_shown' type changed: ['number'] -> +boolean
2026-07-29T00:20:02.091941+00:00	schema_change	new	POST /v1/events [request] new field 'capi_session_type' (string)
2026-07-29T00:20:02.092515+00:00	schema_change	new	POST /v1/events [request] new field 'initial_text_length' (number)
2026-07-29T00:20:02.093090+00:00	schema_change	new	POST /v1/events [request] new field 'plugin_activation' (string)
2026-07-29T00:20:02.093693+00:00	schema_change	new	POST /v1/events [request] new field 'plugin_instance_id' (null)
2026-07-29T00:20:02.094273+00:00	schema_change	new	POST /v1/events [request] field 'hostname' observed null for the first time (was always populated)
2026-07-29T00:20:02.094883+00:00	schema_change	new	POST /v1/events [request] new field 'is_decoration_shown_applicable' (null)
2026-07-29T00:20:09.415253+00:00	new_endpoint	new	new endpoint: POST /batch/import
2026-07-29T00:20:13.632804+00:00	schema_change	new	POST /v1/events [request] field 'last_stage' disappeared (was required)
2026-07-29T00:20:13.633659+00:00	schema_change	new	POST /v1/events [request] field 'trigger_reason' disappeared (was required)
2026-07-29T00:20:13.637377+00:00	schema_change	new	POST /v1/events [request] field 'trigger_ts' disappeared (was required)
2026-07-29T00:20:13.638783+00:00	schema_change	new	POST /v1/events [request] field 'intent_ts' disappeared (was required)
2026-07-29T00:20:13.639481+00:00	schema_change	new	POST /v1/events [request] field 'detection_ts' disappeared (was required)
2026-07-29T00:20:13.640105+00:00	schema_change	new	POST /v1/events [request] field 'start_session_sent_ts' disappeared (was required)
2026-07-29T00:20:13.640774+00:00	schema_change	new	POST /v1/events [request] field 'start_session_received_ts' disappeared (was required)
2026-07-29T00:20:13.641538+00:00	schema_change	new	POST /v1/events [request] field 'first_message_sent_with_revision_id_ts' disappeared (was required)
2026-07-29T00:20:13.642472+00:00	schema_change	new	POST /v1/events [request] field 'first_message_sent_with_revision_id_text_length' disappeared (was required)
2026-07-29T00:20:13.643341+00:00	schema_change	new	POST /v1/events [request] field 'first_message_received_with_revision_id_ts' disappeared (was required)
2026-07-29T00:20:13.644227+00:00	schema_change	new	POST /v1/events [request] field 'g_button_shown_ts' disappeared (was required)
2026-07-29T00:20:13.645023+00:00	schema_change	new	POST /v1/events [request] field 'g_button_initialized_ts' disappeared (was required)
2026-07-29T00:20:13.645657+00:00	schema_change	new	POST /v1/events [request] field 'g_button_shown_status' disappeared (was required)
2026-07-29T00:20:13.646291+00:00	schema_change	new	POST /v1/events [request] field 'assistant_available' disappeared (was required)
2026-07-29T00:20:13.646873+00:00	schema_change	new	POST /v1/events [request] field 'g_button_initialized_status' disappeared (was required)
2026-07-29T00:20:13.647558+00:00	schema_change	new	POST /v1/events [request] field 'suggestion_count' disappeared (was required)
2026-07-29T00:20:13.648223+00:00	schema_change	new	POST /v1/events [request] field 'capi_session_type' disappeared (was required)
2026-07-29T00:20:13.648881+00:00	schema_change	new	POST /v1/events [request] field 'initial_text_length' disappeared (was required)
2026-07-29T00:20:13.649621+00:00	schema_change	new	POST /v1/events [request] field 'plugin_activation' disappeared (was required)
2026-07-29T00:20:21.746088+00:00	schema_change	new	POST /v1/events/ingestion_front_end [request] field 'session_id' type changed: ['null'] -> +string
2026-07-29T00:21:41.136724+00:00	new_endpoint	new	new endpoint: POST /batch/import
2026-07-29T00:31:22.665579+00:00	new_endpoint	new	new endpoint: GET /authorship/v1/user/1508776617/settings
2026-07-29T00:31:22.905326+00:00	new_endpoint	new	new endpoint: POST /experimentation/treatment/get
2026-07-29T00:31:22.906189+00:00	schema_change	new	POST /experimentation/treatment/get [response] new field '$' (array)
2026-07-29T00:31:23.008423+00:00	new_endpoint	new	new endpoint: POST /experimentation/gates/get
2026-07-29T00:31:23.008964+00:00	schema_change	new	POST /experimentation/gates/get [response] new field '$' (array)
2026-07-29T00:51:11.235187+00:00	new_endpoint	new	new endpoint: POST /batch/import
2026-07-29T00:51:33.200990+00:00	new_endpoint	new	new endpoint: POST /v1/events/ingestion_front_end
2026-07-29T00:53:29.628291+00:00	new_endpoint	new	new endpoint: POST /batch/import
2026-07-29T00:53:29.656273+00:00	new_endpoint	new	new endpoint: POST /events
2026-07-29T00:53:55.430626+00:00	new_endpoint	new	new endpoint: POST /logv2
2026-07-29T00:53:55.441334+00:00	new_endpoint	new	new endpoint: POST /v1/events
2026-07-29T01:26:41.413250+00:00	new_endpoint	new	new endpoint: POST /events
2026-07-29T01:26:41.472908+00:00	new_endpoint	new	new endpoint: POST /batch/import
2026-07-29T01:26:41.550879+00:00	new_endpoint	new	new endpoint: POST /logv2
2026-07-29T01:26:41.675644+00:00	new_endpoint	new	new endpoint: POST /tokens/v4/api/oauth2/token
2026-07-29T01:26:41.676163+00:00	schema_change	new	POST /tokens/v4/api/oauth2/token [response] new field 'access_token' (string)
2026-07-29T01:26:41.676645+00:00	schema_change	new	POST /tokens/v4/api/oauth2/token [response] new field 'refresh_token' (string)
2026-07-29T01:26:41.677116+00:00	schema_change	new	POST /tokens/v4/api/oauth2/token [response] new field 'expires_in' (number)
2026-07-29T01:26:41.677590+00:00	schema_change	new	POST /tokens/v4/api/oauth2/token [response] new field 'refresh_token_expires_in' (number)
2026-07-29T01:26:41.678059+00:00	schema_change	new	POST /tokens/v4/api/oauth2/token [response] new field 'rti' (string)
2026-07-29T01:26:41.678532+00:00	schema_change	new	POST /tokens/v4/api/oauth2/token [response] new field 'token_type' (string)
2026-07-29T01:26:42.039740+00:00	new_endpoint	new	new endpoint: POST /experimentation/treatment/get
2026-07-29T01:26:42.040312+00:00	schema_change	new	POST /experimentation/treatment/get [response] new field '$' (array)
2026-07-29T01:26:42.044853+00:00	new_endpoint	new	new endpoint: GET /api/configuration/cheetah/v1/settings
2026-07-29T01:26:42.143215+00:00	new_endpoint	new	new endpoint: POST /experimentation/gates/get
2026-07-29T01:26:42.143809+00:00	schema_change	new	POST /experimentation/gates/get [response] new field '$' (array)
2026-07-29T01:26:42.189452+00:00	new_endpoint	new	new endpoint: GET /passport/api/v1/passport
2026-07-29T01:26:42.284488+00:00	new_endpoint	new	new endpoint: GET /uhub/configuration
2026-07-29T01:26:42.396268+00:00	new_endpoint	new	new endpoint: GET /authorship/v1/user/1508776617/settings
2026-07-29T01:26:42.489863+00:00	new_endpoint	new	new endpoint: GET /experimentation/properties/
2026-07-29T01:26:42.546136+00:00	schema_change	new	POST /logv2 [request] field 'Extra.event_name' disappeared (was required)
2026-07-29T01:26:42.546680+00:00	schema_change	new	POST /logv2 [request] field 'UserId' type changed: ['null'] -> +string
2026-07-29T01:26:42.547184+00:00	schema_change	new	POST /logv2 [request] field 'ContainerId' type changed: ['null'] -> +string
2026-07-29T01:26:42.547687+00:00	schema_change	new	POST /logv2 [request] field 'LogContainerId' observed null for the first time (was always populated)
2026-07-29T01:26:42.548162+00:00	schema_change	new	POST /logv2 [request] field 'Exception' observed null for the first time (was always populated)
2026-07-29T01:26:42.548669+00:00	schema_change	new	POST /logv2 [request] new field 'Extra.Source' (string)
2026-07-29T01:26:42.549170+00:00	schema_change	new	POST /logv2 [request] new field 'Extra.OSVersion' (string)
2026-07-29T01:26:42.549661+00:00	schema_change	new	POST /logv2 [request] new field 'Extra.NetVersion' (string)
2026-07-29T01:26:42.550151+00:00	schema_change	new	POST /logv2 [request] new field 'Extra.RunningTargetFramework' (string)
2026-07-29T01:26:42.550656+00:00	schema_change	new	POST /logv2 [request] new field 'Extra.Is64BitOperatingSystem' (string)
2026-07-29T01:26:42.551200+00:00	schema_change	new	POST /logv2 [request] new field 'Extra.ProcessorCount' (string)
2026-07-29T01:26:42.551713+00:00	schema_change	new	POST /logv2 [request] new field 'Extra.ScreenCount' (string)
2026-07-29T01:26:42.552214+00:00	schema_change	new	POST /logv2 [request] new field 'Extra.ScreensInfo' (string)
2026-07-29T01:26:42.552716+00:00	schema_change	new	POST /logv2 [request] new field 'Extra.TextScaleFactor' (string)
2026-07-29T01:26:42.553246+00:00	schema_change	new	POST /logv2 [request] new field 'Extra.ScreenScales' (string)
2026-07-29T01:26:42.556613+00:00	new_endpoint	new	new endpoint: POST /v1/events
2026-07-29T01:26:42.588353+00:00	new_endpoint	new	new endpoint: GET /privacy/v1/api/data-sharing/user
2026-07-29T01:26:42.738684+00:00	new_endpoint	new	new endpoint: GET /api/configuration/suggestion-bundles/v1/settings
2026-07-29T01:26:42.910092+00:00	new_endpoint	new	new endpoint: GET /mise/api/v1/iterable/access/token
2026-07-29T01:26:47.889261+00:00	schema_change	new	POST /v1/events [request] field 'authorship.doc_id' disappeared (was required)
2026-07-29T01:26:47.890177+00:00	schema_change	new	POST /v1/events [request] field 'client.name' disappeared (was required)
2026-07-29T01:26:47.891167+00:00	schema_change	new	POST /v1/events [request] field 'client.version' disappeared (was required)
2026-07-29T01:26:47.892063+00:00	schema_change	new	POST /v1/events [request] field 'object' disappeared (was required)
2026-07-29T01:26:47.892885+00:00	schema_change	new	POST /v1/events [request] field 'action' disappeared (was required)
2026-07-29T01:26:47.893687+00:00	schema_change	new	POST /v1/events [request] field 'object_id' disappeared (was required)
2026-07-29T01:26:47.894460+00:00	schema_change	new	POST /v1/events [request] field 'user.id' disappeared (was required)
2026-07-29T01:26:47.895239+00:00	schema_change	new	POST /v1/events [request] field 'user.container_id' disappeared (was required)
2026-07-29T01:26:47.896041+00:00	schema_change	new	POST /v1/events [request] field 'windows_version' disappeared (was required)
2026-07-29T01:26:47.896842+00:00	schema_change	new	POST /v1/events [request] field 'metadata.entry_count' disappeared (was required)
2026-07-29T01:26:47.897613+00:00	schema_change	new	POST /v1/events [request] field 'metadata.database_size_bytes' disappeared (was required)
2026-07-29T01:26:47.898446+00:00	schema_change	new	POST /v1/events [request] field 'metadata.windows_store_installation' disappeared (was required)
2026-07-29T01:26:47.899377+00:00	schema_change	new	POST /v1/events [request] field 'metadata.per_machine_installation' disappeared (was required)
2026-07-29T01:26:47.900272+00:00	schema_change	new	POST /v1/events [request] field 'metadata.running_target_framework' disappeared (was required)
2026-07-29T01:26:47.901190+00:00	schema_change	new	POST /v1/events [request] new field 'client' (string)
2026-07-29T01:26:47.902143+00:00	schema_change	new	POST /v1/events [request] new field 'client_version' (string)
2026-07-29T01:26:47.903107+00:00	schema_change	new	POST /v1/events [request] new field 'client_event_epoch' (number)
2026-07-29T01:26:47.904028+00:00	schema_change	new	POST /v1/events [request] new field 'container_id' (string)
2026-07-29T01:26:47.904865+00:00	schema_change	new	POST /v1/events [request] new field 'referral_container_id' (null)
2026-07-29T01:26:47.905713+00:00	schema_change	new	POST /v1/events [request] new field 'institution_id' (null)
2026-07-29T01:26:47.906648+00:00	schema_change	new	POST /v1/events [request] new field 'superhuman_mode' (string)
2026-07-29T01:26:47.919261+00:00	schema_change	new	POST /v1/events [request] new field 'device.system_name' (string)
2026-07-29T01:26:47.920818+00:00	schema_change	new	POST /v1/events [request] new field 'device.system_version' (string)
2026-07-29T01:26:47.921618+00:00	schema_change	new	POST /v1/events [request] new field 'device.platform' (string)
2026-07-29T01:26:47.922462+00:00	schema_change	new	POST /v1/events [request] new field 'device.browser_name' (null)
2026-07-29T01:26:47.923343+00:00	schema_change	new	POST /v1/events [request] new field 'device.browser_version' (null)
2026-07-29T01:26:47.924260+00:00	schema_change	new	POST /v1/events [request] new field 'device.user_agent' (null)
2026-07-29T01:26:47.925093+00:00	schema_change	new	POST /v1/events [request] new field 'device.nonce' (number)
2026-07-29T01:26:47.925895+00:00	schema_change	new	POST /v1/events [request] new field 'session_id' (string)
2026-07-29T01:26:47.926834+00:00	schema_change	new	POST /v1/events [request] new field 'client_session_id' (null)
2026-07-29T01:26:47.927701+00:00	schema_change	new	POST /v1/events [request] new field 'integration_id' (string)
2026-07-29T01:26:47.928579+00:00	schema_change	new	POST /v1/events [request] new field 'session_duration' (number)
2026-07-29T01:26:47.929356+00:00	schema_change	new	POST /v1/events [request] new field 'session_category' (null)
2026-07-29T01:26:47.930152+00:00	schema_change	new	POST /v1/events [request] new field 'primary_ui_type' (string)
2026-07-29T01:26:47.931048+00:00	schema_change	new	POST /v1/events [request] new field 'app_platform_type' (string)
2026-07-29T01:26:47.931938+00:00	schema_change	new	POST /v1/events [request] new field 'workspace_id' (null)
2026-07-29T01:26:47.932731+00:00	schema_change	new	POST /v1/events [request] new field 'alerts.accepted_count' (number)
2026-07-29T01:26:47.933526+00:00	schema_change	new	POST /v1/events [request] new field 'alerts.accepted_autocomplete_count' (null)
2026-07-29T01:26:47.934300+00:00	schema_change	new	POST /v1/events [request] new field 'alerts.accepted_autocorrect_count' (null)
2026-07-29T01:26:47.935177+00:00	schema_change	new	POST /v1/events [request] new field 'alerts.accepted_classic_inline_count' (number)
2026-07-29T01:26:47.936076+00:00	schema_change	new	POST /v1/events [request] new field 'alerts.accepted_classic_long_form_count' (number)
2026-07-29T01:26:47.936879+00:00	schema_change	new	POST /v1/events [request] new field 'alerts.accepted_classic_short_form_count' (number)
2026-07-29T01:26:47.937678+00:00	schema_change	new	POST /v1/events [request] new field 'alerts.accepted_generation_inserts_count' (number)
2026-07-29T01:26:47.938470+00:00	schema_change	new	POST /v1/events [request] new field 'alerts.accepted_proofit_count' (null)
2026-07-29T01:26:47.939335+00:00	schema_change	new	POST /v1/events [request] new field 'alerts.accepted_snippets_count' (number)
2026-07-29T01:26:47.940266+00:00	schema_change	new	POST /v1/events [request] new field 'alerts.accepted_synonyms_count' (null)
2026-07-29T01:26:47.941070+00:00	schema_change	new	POST /v1/events [request] new field 'alerts.accepted_classic_count' (number)
2026-07-29T01:26:47.941853+00:00	schema_change	new	POST /v1/events [request] new field 'alerts.accepted_inline' (number)
2026-07-29T01:26:47.942636+00:00	schema_change	new	POST /v1/events [request] new field 'alerts.accepted_revision' (number)
2026-07-29T01:26:47.943426+00:00	schema_change	new	POST /v1/events [request] new field 'alerts.ignored_inline' (number)
2026-07-29T01:26:47.944240+00:00	schema_change	new	POST /v1/events [request] new field 'alerts.ignored_revision' (number)
2026-07-29T01:26:47.945068+00:00	schema_change	new	POST /v1/events [request] new field 'alerts.shown_inline' (number)
2026-07-29T01:26:47.946004+00:00	schema_change	new	POST /v1/events [request] new field 'alerts.accepted_vbar_count' (number)
2026-07-29T01:26:47.946862+00:00	schema_change	new	POST /v1/events [request] new field 'alerts.rewrite_under_30_chars' (number)
2026-07-29T01:26:47.947759+00:00	schema_change	new	POST /v1/events [request] new field 'alerts.rewrite_31_100_chars' (number)
2026-07-29T01:26:47.948606+00:00	schema_change	new	POST /v1/events [request] new field 'alerts.rewrite_101_200_chars' (number)
2026-07-29T01:26:47.949424+00:00	schema_change	new	POST /v1/events [request] new field 'alerts.rewrite_beyond_200_chars' (number)
2026-07-29T01:26:47.950243+00:00	schema_change	new	POST /v1/events [request] new field 'alerts.long_rewrite_count' (number)
2026-07-29T01:26:47.951069+00:00	schema_change	new	POST /v1/events [request] new field 'alerts.short_rewrite_count' (number)
2026-07-29T01:26:47.952025+00:00	schema_change	new	POST /v1/events [request] new field 'alerts.accepted_touch_typist_count' (null)
2026-07-29T01:26:47.952870+00:00	schema_change	new	POST /v1/events [request] new field 'alerts.accepted_touch_typist_individual_count' (null)
2026-07-29T01:26:47.953670+00:00	schema_change	new	POST /v1/events [request] new field 'alerts.accepted_touch_typist_revert_count' (null)
2026-07-29T01:26:47.954420+00:00	schema_change	new	POST /v1/events [request] new field 'alerts.nonce' (number)
2026-07-29T01:26:47.955255+00:00	schema_change	new	POST /v1/events [request] new field 'text_corruption.count' (number)
2026-07-29T01:26:47.956171+00:00	schema_change	new	POST /v1/events [request] new field 'text_corruption.autocomplete_count' (null)
2026-07-29T01:26:47.957119+00:00	schema_change	new	POST /v1/events [request] new field 'text_corruption.autocorrect_count' (null)
2026-07-29T01:26:47.957964+00:00	schema_change	new	POST /v1/events [request] new field 'text_corruption.classic_inline_count' (number)
2026-07-29T01:26:47.958887+00:00	schema_change	new	POST /v1/events [request] new field 'text_corruption.classic_long_form_count' (number)
2026-07-29T01:26:47.959663+00:00	schema_change	new	POST /v1/events [request] new field 'text_corruption.classic_short_form_count' (number)
2026-07-29T01:26:47.960415+00:00	schema_change	new	POST /v1/events [request] new field 'text_corruption.generation_inserts_count' (number)
2026-07-29T01:26:47.961231+00:00	schema_change	new	POST /v1/events [request] new field 'text_corruption.proofit_count' (null)
2026-07-29T01:26:47.962052+00:00	schema_change	new	POST /v1/events [request] new field 'text_corruption.snippets_count' (number)
2026-07-29T01:26:47.962898+00:00	schema_change	new	POST /v1/events [request] new field 'text_corruption.synonyms_count' (null)
2026-07-29T01:26:47.963756+00:00	schema_change	new	POST /v1/events [request] new field 'text_corruption.classic_count' (number)
2026-07-29T01:26:47.964613+00:00	schema_change	new	POST /v1/events [request] new field 'text_corruption.vbar_count' (number)
2026-07-29T01:26:47.965391+00:00	schema_change	new	POST /v1/events [request] new field 'text_corruption.rewrite_under_30_chars' (number)
2026-07-29T01:26:47.966299+00:00	schema_change	new	POST /v1/events [request] new field 'text_corruption.rewrite_31_100_chars' (number)
2026-07-29T01:26:47.967114+00:00	schema_change	new	POST /v1/events [request] new field 'text_corruption.rewrite_101_200_chars' (number)
2026-07-29T01:26:47.967985+00:00	schema_change	new	POST /v1/events [request] new field 'text_corruption.rewrite_beyond_200_chars' (number)
2026-07-29T01:26:47.968784+00:00	schema_change	new	POST /v1/events [request] new field 'text_corruption.long_rewrite_count' (number)
2026-07-29T01:26:47.969615+00:00	schema_change	new	POST /v1/events [request] new field 'text_corruption.short_rewrite_count' (number)
2026-07-29T01:26:47.970392+00:00	schema_change	new	POST /v1/events [request] new field 'text_corruption.touch_typist_count' (null)
2026-07-29T01:26:47.971224+00:00	schema_change	new	POST /v1/events [request] new field 'text_corruption.touch_typist_individual_count' (null)
2026-07-29T01:26:47.972059+00:00	schema_change	new	POST /v1/events [request] new field 'text_corruption.touch_typist_revert_count' (null)
2026-07-29T01:26:47.972975+00:00	schema_change	new	POST /v1/events [request] new field 'text_corruption.nonce' (number)
2026-07-29T01:26:47.973830+00:00	schema_change	new	POST /v1/events [request] new field 'final_text_length' (number)
2026-07-29T01:26:47.974630+00:00	schema_change	new	POST /v1/events [request] new field 'cheetah_fail_replacement_count' (null)
2026-07-29T01:26:47.975412+00:00	schema_change	new	POST /v1/events [request] new field 'cheetah_replacement_count' (null)
2026-07-29T01:26:47.976310+00:00	schema_change	new	POST /v1/events [request] new field 'fail_replacement_count' (null)
2026-07-29T01:26:47.977342+00:00	schema_change	new	POST /v1/events [request] new field 'replacement_count' (null)
2026-07-29T01:26:47.978167+00:00	schema_change	new	POST /v1/events [request] new field 'assistant_fail_replacement_count' (null)
2026-07-29T01:26:47.978942+00:00	schema_change	new	POST /v1/events [request] new field 'assistant_replacement_count' (null)
2026-07-29T01:26:47.979731+00:00	schema_change	new	POST /v1/events [request] new field 'inline_card_fail_replacement_count' (null)
2026-07-29T01:26:47.980607+00:00	schema_change	new	POST /v1/events [request] new field 'inline_card_replacement_count' (null)
2026-07-29T01:26:47.981432+00:00	schema_change	new	POST /v1/events [request] new field 'autocorrect_fail_replacement_count' (null)
2026-07-29T01:26:47.982350+00:00	schema_change	new	POST /v1/events [request] new field 'autocorrect_replacement_count' (null)
2026-07-29T01:26:47.983278+00:00	schema_change	new	POST /v1/events [request] new field 'autocomplete_fail_replacement_count' (null)
2026-07-29T01:26:47.984237+00:00	schema_change	new	POST /v1/events [request] new field 'autocomplete_replacement_count' (null)
2026-07-29T01:26:47.985052+00:00	schema_change	new	POST /v1/events [request] new field 'sidebar_fail_replacement_count' (null)
2026-07-29T01:26:47.985871+00:00	schema_change	new	POST /v1/events [request] new field 'sidebar_replacement_count' (null)
2026-07-29T01:26:47.986681+00:00	schema_change	new	POST /v1/events [request] new field 'synonyms_fail_replacement_count' (null)
2026-07-29T01:26:47.987500+00:00	schema_change	new	POST /v1/events [request] new field 'synonyms_replacement_count' (null)
2026-07-29T01:26:47.988530+00:00	schema_change	new	POST /v1/events [request] new field 'snippets_fail_replacement_count' (null)
2026-07-29T01:26:47.989366+00:00	schema_change	new	POST /v1/events [request] new field 'snippets_replacement_count' (null)
2026-07-29T01:26:47.989874+00:00	schema_change	new	POST /v1/events [request] new field 'proofit_fail_replacement_count' (null)
2026-07-29T01:26:47.990364+00:00	schema_change	new	POST /v1/events [request] new field 'proofit_replacement_count' (null)
2026-07-29T01:26:47.990843+00:00	schema_change	new	POST /v1/events [request] new field 'replacement_corrupted_count' (null)
2026-07-29T01:26:47.991302+00:00	schema_change	new	POST /v1/events [request] new field 'replacement_execution_fail_count' (null)
2026-07-29T01:26:47.991799+00:00	schema_change	new	POST /v1/events [request] new field 'replacement_validation_fail_count' (null)
2026-07-29T01:26:47.992268+00:00	schema_change	new	POST /v1/events [request] new field 'apply_status.corrupted_count' (number)
2026-07-29T01:26:47.992963+00:00	schema_change	new	POST /v1/events [request] new field 'apply_status.fail_count' (number)
2026-07-29T01:26:47.993495+00:00	schema_change	new	POST /v1/events [request] new field 'apply_status.unknown_count' (number)
2026-07-29T01:26:47.993973+00:00	schema_change	new	POST /v1/events [request] new field 'apply_status.nonce' (number)
2026-07-29T01:26:47.994448+00:00	schema_change	new	POST /v1/events [request] new field 'brand_tone_shown' (number)
2026-07-29T01:26:47.994943+00:00	schema_change	new	POST /v1/events [request] new field 'emogenie_shown' (number)
2026-07-29T01:26:47.995417+00:00	schema_change	new	POST /v1/events [request] new field 'autocorrect_popups_shown' (null)
2026-07-29T01:26:47.995924+00:00	schema_change	new	POST /v1/events [request] new field 'autocorrect_reverted' (null)
2026-07-29T01:26:47.996379+00:00	schema_change	new	POST /v1/events [request] new field 'autocorrect_triggered' (null)
2026-07-29T01:26:47.996866+00:00	schema_change	new	POST /v1/events [request] new field 'vbar_card_apply_count' (null)
2026-07-29T01:26:47.997345+00:00	schema_change	new	POST /v1/events [request] new field 'vbar_card_show_count' (null)
2026-07-29T01:26:47.997829+00:00	schema_change	new	POST /v1/events [request] new field 'vbar_available' (null)
2026-07-29T01:26:47.998321+00:00	schema_change	new	POST /v1/events [request] new field 'content_text_corruption_count' (null)
2026-07-29T01:26:47.998815+00:00	schema_change	new	POST /v1/events [request] new field 'alert_text_corruption_count' (null)
2026-07-29T01:26:47.999338+00:00	schema_change	new	POST /v1/events [request] new field 'snippet_text_corruption_count' (null)
2026-07-29T01:26:47.999839+00:00	schema_change	new	POST /v1/events [request] new field 'free_premium_suggestions_available' (boolean)
2026-07-29T01:26:48.000326+00:00	schema_change	new	POST /v1/events [request] new field 'out_of_sync_count' (number)
2026-07-29T01:26:48.000799+00:00	schema_change	new	POST /v1/events [request] new field 'typed_chars_count' (number)
2026-07-29T01:26:48.001289+00:00	schema_change	new	POST /v1/events [request] new field 'time_spent_in.inline' (number)
2026-07-29T01:26:48.001779+00:00	schema_change	new	POST /v1/events [request] new field 'time_spent_in.long_form' (number)
2026-07-29T01:26:48.002264+00:00	schema_change	new	POST /v1/events [request] new field 'time_spent_in.short_form' (number)
2026-07-29T01:26:48.002743+00:00	schema_change	new	POST /v1/events [request] new field 'time_spent_in.cheetah' (number)
2026-07-29T01:26:48.003235+00:00	schema_change	new	POST /v1/events [request] new field 'time_spent_in.cheetah_web_view' (null)
2026-07-29T01:26:48.003739+00:00	schema_change	new	POST /v1/events [request] new field 'time_spent_in.oggy' (null)
2026-07-29T01:26:48.004220+00:00	schema_change	new	POST /v1/events [request] new field 'time_spent_in.print_document_view' (null)
2026-07-29T01:26:48.004696+00:00	schema_change	new	POST /v1/events [request] new field 'time_spent_in.web_document_view' (null)
2026-07-29T01:26:48.005216+00:00	schema_change	new	POST /v1/events [request] new field 'time_spent_in.nonce' (number)
2026-07-29T01:26:48.005697+00:00	schema_change	new	POST /v1/events [request] new field 'hostname' (string)
2026-07-29T01:26:48.006172+00:00	schema_change	new	POST /v1/events [request] new field 'app' (string)
2026-07-29T01:26:48.006658+00:00	schema_change	new	POST /v1/events [request] new field 'app_version' (string)
2026-07-29T01:26:48.007125+00:00	schema_change	new	POST /v1/events [request] new field 'extra.acc2SelectCount' (string)
2026-07-29T01:26:48.007604+00:00	schema_change	new	POST /v1/events [request] new field 'extra.acc2SelectUIAutoFallbackCount' (string)
2026-07-29T01:26:48.008084+00:00	schema_change	new	POST /v1/events [request] new field 'extra.acc2SelectUIAutoFallbackFailedCount' (string)
2026-07-29T01:26:48.008564+00:00	schema_change	new	POST /v1/events [request] new field 'extra.acc2SelectUIAutoAndKbSimFallbackCount' (string)
2026-07-29T01:26:48.009069+00:00	schema_change	new	POST /v1/events [request] new field 'extra.acc2SelectUIAutoAndKbSimFallbackFailedCount' (string)
2026-07-29T01:26:48.009554+00:00	schema_change	new	POST /v1/events [request] new field 'extra.accessible2KeyboardSimulationSelectionCount' (string)
2026-07-29T01:26:48.010020+00:00	schema_change	new	POST /v1/events [request] new field 'extra.accessible2LongKeyboardSimulationSelectionCount' (string)
2026-07-29T01:26:48.010500+00:00	schema_change	new	POST /v1/events [request] new field 'extra.isSduiFeed' (string)
2026-07-29T01:26:48.010989+00:00	schema_change	new	POST /v1/events [request] new field 'extra.pluginActivation' (string)
2026-07-29T01:26:48.011445+00:00	schema_change	new	POST /v1/events [request] new field 'extra.lockedUISuggestionsAvailable' (string)
2026-07-29T01:26:48.011926+00:00	schema_change	new	POST /v1/events [request] new field 'extra.fieldHeight' (string)
2026-07-29T01:26:48.012481+00:00	schema_change	new	POST /v1/events [request] new field 'extra.fieldWidth' (string)
2026-07-29T01:26:48.013127+00:00	schema_change	new	POST /v1/events [request] new field 'extra.pagedModeEnabled' (string)
2026-07-29T01:26:48.013768+00:00	schema_change	new	POST /v1/events [request] new field 'extra.windows_store_installation' (string)
2026-07-29T01:26:48.014308+00:00	schema_change	new	POST /v1/events [request] new field 'extra.per_machine_installation' (string)
2026-07-29T01:26:48.014790+00:00	schema_change	new	POST /v1/events [request] new field 'extra.running_target_framework' (string)
2026-07-29T01:26:49.842877+00:00	schema_change	new	POST /v1/events [request] field 'session_duration' disappeared (was required)
2026-07-29T01:26:49.843665+00:00	schema_change	new	POST /v1/events [request] field 'primary_ui_type' disappeared (was required)
2026-07-29T01:26:49.844481+00:00	schema_change	new	POST /v1/events [request] field 'app_platform_type' disappeared (was required)
2026-07-29T01:26:49.845359+00:00	schema_change	new	POST /v1/events [request] field 'alerts.accepted_count' disappeared (was required)
2026-07-29T01:26:49.846112+00:00	schema_change	new	POST /v1/events [request] field 'alerts.accepted_classic_inline_count' disappeared (was required)
2026-07-29T01:26:49.846909+00:00	schema_change	new	POST /v1/events [request] field 'alerts.accepted_classic_long_form_count' disappeared (was required)
2026-07-29T01:26:49.847540+00:00	schema_change	new	POST /v1/events [request] field 'alerts.accepted_classic_short_form_count' disappeared (was required)
2026-07-29T01:26:49.848129+00:00	schema_change	new	POST /v1/events [request] field 'alerts.accepted_generation_inserts_count' disappeared (was required)
2026-07-29T01:26:49.848723+00:00	schema_change	new	POST /v1/events [request] field 'alerts.accepted_snippets_count' disappeared (was required)
2026-07-29T01:26:49.849329+00:00	schema_change	new	POST /v1/events [request] field 'alerts.accepted_classic_count' disappeared (was required)
2026-07-29T01:26:49.849905+00:00	schema_change	new	POST /v1/events [request] field 'alerts.accepted_inline' disappeared (was required)
2026-07-29T01:26:49.850453+00:00	schema_change	new	POST /v1/events [request] field 'alerts.accepted_revision' disappeared (was required)
2026-07-29T01:26:49.851070+00:00	schema_change	new	POST /v1/events [request] field 'alerts.ignored_inline' disappeared (was required)
2026-07-29T01:26:49.851748+00:00	schema_change	new	POST /v1/events [request] field 'alerts.ignored_revision' disappeared (was required)
2026-07-29T01:26:49.852329+00:00	schema_change	new	POST /v1/events [request] field 'alerts.shown_inline' disappeared (was required)
2026-07-29T01:26:49.852909+00:00	schema_change	new	POST /v1/events [request] field 'alerts.accepted_vbar_count' disappeared (was required)
2026-07-29T01:26:49.853488+00:00	schema_change	new	POST /v1/events [request] field 'alerts.rewrite_under_30_chars' disappeared (was required)
2026-07-29T01:26:49.854070+00:00	schema_change	new	POST /v1/events [request] field 'alerts.rewrite_31_100_chars' disappeared (was required)
2026-07-29T01:26:49.854679+00:00	schema_change	new	POST /v1/events [request] field 'alerts.rewrite_101_200_chars' disappeared (was required)
2026-07-29T01:26:49.855278+00:00	schema_change	new	POST /v1/events [request] field 'alerts.rewrite_beyond_200_chars' disappeared (was required)
2026-07-29T01:26:49.855914+00:00	schema_change	new	POST /v1/events [request] field 'alerts.long_rewrite_count' disappeared (was required)
2026-07-29T01:26:49.856541+00:00	schema_change	new	POST /v1/events [request] field 'alerts.short_rewrite_count' disappeared (was required)
2026-07-29T01:26:49.857127+00:00	schema_change	new	POST /v1/events [request] field 'alerts.nonce' disappeared (was required)
2026-07-29T01:26:49.857720+00:00	schema_change	new	POST /v1/events [request] field 'text_corruption.count' disappeared (was required)
2026-07-29T01:26:49.858296+00:00	schema_change	new	POST /v1/events [request] field 'text_corruption.classic_inline_count' disappeared (was required)
2026-07-29T01:26:49.858890+00:00	schema_change	new	POST /v1/events [request] field 'text_corruption.classic_long_form_count' disappeared (was required)
2026-07-29T01:26:49.859584+00:00	schema_change	new	POST /v1/events [request] field 'text_corruption.classic_short_form_count' disappeared (was required)
2026-07-29T01:26:49.860451+00:00	schema_change	new	POST /v1/events [request] field 'text_corruption.generation_inserts_count' disappeared (was required)
2026-07-29T01:26:49.861133+00:00	schema_change	new	POST /v1/events [request] field 'text_corruption.snippets_count' disappeared (was required)
2026-07-29T01:26:49.861769+00:00	schema_change	new	POST /v1/events [request] field 'text_corruption.classic_count' disappeared (was required)
2026-07-29T01:26:49.862373+00:00	schema_change	new	POST /v1/events [request] field 'text_corruption.vbar_count' disappeared (was required)
2026-07-29T01:26:49.863005+00:00	schema_change	new	POST /v1/events [request] field 'text_corruption.rewrite_under_30_chars' disappeared (was required)
2026-07-29T01:26:49.863598+00:00	schema_change	new	POST /v1/events [request] field 'text_corruption.rewrite_31_100_chars' disappeared (was required)
2026-07-29T01:26:49.864185+00:00	schema_change	new	POST /v1/events [request] field 'text_corruption.rewrite_101_200_chars' disappeared (was required)
2026-07-29T01:26:49.864797+00:00	schema_change	new	POST /v1/events [request] field 'text_corruption.rewrite_beyond_200_chars' disappeared (was required)
2026-07-29T01:26:49.865369+00:00	schema_change	new	POST /v1/events [request] field 'text_corruption.long_rewrite_count' disappeared (was required)
2026-07-29T01:26:49.865993+00:00	schema_change	new	POST /v1/events [request] field 'text_corruption.short_rewrite_count' disappeared (was required)
2026-07-29T01:26:49.866574+00:00	schema_change	new	POST /v1/events [request] field 'text_corruption.nonce' disappeared (was required)
2026-07-29T01:26:49.867168+00:00	schema_change	new	POST /v1/events [request] field 'final_text_length' disappeared (was required)
2026-07-29T01:26:49.867819+00:00	schema_change	new	POST /v1/events [request] field 'apply_status.corrupted_count' disappeared (was required)
2026-07-29T01:26:49.868407+00:00	schema_change	new	POST /v1/events [request] field 'apply_status.fail_count' disappeared (was required)
2026-07-29T01:26:49.869037+00:00	schema_change	new	POST /v1/events [request] field 'apply_status.unknown_count' disappeared (was required)
2026-07-29T01:26:49.869638+00:00	schema_change	new	POST /v1/events [request] field 'apply_status.nonce' disappeared (was required)
2026-07-29T01:26:49.870282+00:00	schema_change	new	POST /v1/events [request] field 'brand_tone_shown' disappeared (was required)
2026-07-29T01:26:49.870895+00:00	schema_change	new	POST /v1/events [request] field 'free_premium_suggestions_available' disappeared (was required)
2026-07-29T01:26:49.871517+00:00	schema_change	new	POST /v1/events [request] field 'out_of_sync_count' disappeared (was required)
2026-07-29T01:26:49.872104+00:00	schema_change	new	POST /v1/events [request] field 'typed_chars_count' disappeared (was required)
2026-07-29T01:26:49.872699+00:00	schema_change	new	POST /v1/events [request] field 'time_spent_in.inline' disappeared (was required)
2026-07-29T01:26:49.873308+00:00	schema_change	new	POST /v1/events [request] field 'time_spent_in.long_form' disappeared (was required)
2026-07-29T01:26:49.873895+00:00	schema_change	new	POST /v1/events [request] field 'time_spent_in.short_form' disappeared (was required)
2026-07-29T01:26:49.874513+00:00	schema_change	new	POST /v1/events [request] field 'time_spent_in.cheetah' disappeared (was required)
2026-07-29T01:26:49.875136+00:00	schema_change	new	POST /v1/events [request] field 'time_spent_in.nonce' disappeared (was required)
2026-07-29T01:26:49.875797+00:00	schema_change	new	POST /v1/events [request] field 'app_version' disappeared (was required)
2026-07-29T01:26:49.876430+00:00	schema_change	new	POST /v1/events [request] field 'extra.acc2SelectCount' disappeared (was required)
2026-07-29T01:26:49.877048+00:00	schema_change	new	POST /v1/events [request] field 'extra.acc2SelectUIAutoFallbackCount' disappeared (was required)
2026-07-29T01:26:49.877697+00:00	schema_change	new	POST /v1/events [request] field 'extra.acc2SelectUIAutoFallbackFailedCount' disappeared (was required)
2026-07-29T01:26:49.878283+00:00	schema_change	new	POST /v1/events [request] field 'extra.acc2SelectUIAutoAndKbSimFallbackCount' disappeared (was required)
2026-07-29T01:26:49.878907+00:00	schema_change	new	POST /v1/events [request] field 'extra.acc2SelectUIAutoAndKbSimFallbackFailedCount' disappeared (was required)
2026-07-29T01:26:49.879484+00:00	schema_change	new	POST /v1/events [request] field 'extra.accessible2KeyboardSimulationSelectionCount' disappeared (was required)
2026-07-29T01:26:49.880227+00:00	schema_change	new	POST /v1/events [request] field 'extra.accessible2LongKeyboardSimulationSelectionCount' disappeared (was required)
2026-07-29T01:26:49.881025+00:00	schema_change	new	POST /v1/events [request] field 'extra.isSduiFeed' disappeared (was required)
2026-07-29T01:26:49.881631+00:00	schema_change	new	POST /v1/events [request] field 'extra.pluginActivation' disappeared (was required)
2026-07-29T01:26:49.882240+00:00	schema_change	new	POST /v1/events [request] field 'extra.lockedUISuggestionsAvailable' disappeared (was required)
2026-07-29T01:26:49.882823+00:00	schema_change	new	POST /v1/events [request] field 'extra.fieldHeight' disappeared (was required)
2026-07-29T01:26:49.883398+00:00	schema_change	new	POST /v1/events [request] field 'extra.fieldWidth' disappeared (was required)
2026-07-29T01:26:49.886466+00:00	schema_change	new	POST /v1/events [request] field 'extra.pagedModeEnabled' disappeared (was required)
2026-07-29T01:26:49.887633+00:00	schema_change	new	POST /v1/events [request] field 'session_id' observed null for the first time (was always populated)
2026-07-29T01:26:49.888255+00:00	schema_change	new	POST /v1/events [request] new field 'last_stage' (string)
2026-07-29T01:26:49.888856+00:00	schema_change	new	POST /v1/events [request] new field 'trigger_reason' (string)
2026-07-29T01:26:49.889599+00:00	schema_change	new	POST /v1/events [request] new field 'trigger_ts' (number)
2026-07-29T01:26:49.890469+00:00	schema_change	new	POST /v1/events [request] new field 'intent_ts' (number)
2026-07-29T01:26:49.891157+00:00	schema_change	new	POST /v1/events [request] new field 'detection_ts' (number)
2026-07-29T01:26:49.891788+00:00	schema_change	new	POST /v1/events [request] new field 'start_session_sent_ts' (number)
2026-07-29T01:26:49.892378+00:00	schema_change	new	POST /v1/events [request] new field 'start_session_received_ts' (number)
2026-07-29T01:26:49.892959+00:00	schema_change	new	POST /v1/events [request] new field 'first_message_sent_with_revision_id_ts' (number)
2026-07-29T01:26:49.893728+00:00	schema_change	new	POST /v1/events [request] new field 'first_message_sent_with_revision_id_text_length' (number)
2026-07-29T01:26:49.894582+00:00	schema_change	new	POST /v1/events [request] new field 'first_message_received_with_revision_id_ts' (number)
2026-07-29T01:26:49.895372+00:00	schema_change	new	POST /v1/events [request] new field 'g_button_shown_ts' (number)
2026-07-29T01:26:49.896272+00:00	schema_change	new	POST /v1/events [request] new field 'g_button_initialized_ts' (number)
2026-07-29T01:26:49.897017+00:00	schema_change	new	POST /v1/events [request] new field 'g_button_shown_status' (string)
2026-07-29T01:26:49.897627+00:00	schema_change	new	POST /v1/events [request] new field 'assistant_available' (boolean)
2026-07-29T01:26:49.898231+00:00	schema_change	new	POST /v1/events [request] new field 'g_button_initialized_status' (string)
2026-07-29T01:26:49.899080+00:00	schema_change	new	POST /v1/events [request] new field 'suggestion_count' (number)
2026-07-29T01:26:49.899728+00:00	schema_change	new	POST /v1/events [request] field 'emogenie_shown' type changed: ['number'] -> +boolean
2026-07-29T01:26:49.900360+00:00	schema_change	new	POST /v1/events [request] new field 'capi_session_type' (string)
2026-07-29T01:26:49.900945+00:00	schema_change	new	POST /v1/events [request] new field 'initial_text_length' (number)
2026-07-29T01:26:49.901526+00:00	schema_change	new	POST /v1/events [request] new field 'plugin_activation' (string)
2026-07-29T01:26:49.902119+00:00	schema_change	new	POST /v1/events [request] new field 'plugin_instance_id' (null)
2026-07-29T01:26:49.902711+00:00	schema_change	new	POST /v1/events [request] field 'hostname' observed null for the first time (was always populated)
2026-07-29T01:26:49.903287+00:00	schema_change	new	POST /v1/events [request] new field 'is_decoration_shown_applicable' (null)
2026-07-29T01:26:56.288109+00:00	new_endpoint	new	new endpoint: POST /v1/events/ingestion_front_end
2026-07-29T01:28:48.529185+00:00	new_endpoint	new	new endpoint: POST /batch/import
2026-07-29T01:28:48.535673+00:00	new_endpoint	new	new endpoint: POST /v1/events
2026-07-29T01:28:48.553263+00:00	new_endpoint	new	new endpoint: POST /events
2026-07-29T01:28:48.802534+00:00	schema_change	new	POST /v1/events [request] field 'last_stage' disappeared (was required)
2026-07-29T01:28:48.803287+00:00	schema_change	new	POST /v1/events [request] field 'trigger_reason' disappeared (was required)
2026-07-29T01:28:48.803954+00:00	schema_change	new	POST /v1/events [request] field 'trigger_ts' disappeared (was required)
2026-07-29T01:28:48.804598+00:00	schema_change	new	POST /v1/events [request] field 'intent_ts' disappeared (was required)
2026-07-29T01:28:48.805249+00:00	schema_change	new	POST /v1/events [request] field 'detection_ts' disappeared (was required)
2026-07-29T01:28:48.805881+00:00	schema_change	new	POST /v1/events [request] field 'start_session_sent_ts' disappeared (was required)
2026-07-29T01:28:48.806504+00:00	schema_change	new	POST /v1/events [request] field 'start_session_received_ts' disappeared (was required)
2026-07-29T01:28:48.807229+00:00	schema_change	new	POST /v1/events [request] field 'first_message_sent_with_revision_id_ts' disappeared (was required)
2026-07-29T01:28:48.807875+00:00	schema_change	new	POST /v1/events [request] field 'first_message_sent_with_revision_id_text_length' disappeared (was required)
2026-07-29T01:28:48.808468+00:00	schema_change	new	POST /v1/events [request] field 'first_message_received_with_revision_id_ts' disappeared (was required)
2026-07-29T01:28:48.809147+00:00	schema_change	new	POST /v1/events [request] field 'g_button_shown_ts' disappeared (was required)
2026-07-29T01:28:48.809796+00:00	schema_change	new	POST /v1/events [request] field 'g_button_initialized_ts' disappeared (was required)
2026-07-29T01:28:48.810403+00:00	schema_change	new	POST /v1/events [request] field 'g_button_shown_status' disappeared (was required)
2026-07-29T01:28:48.811046+00:00	schema_change	new	POST /v1/events [request] field 'assistant_available' disappeared (was required)
2026-07-29T01:28:48.811727+00:00	schema_change	new	POST /v1/events [request] field 'g_button_initialized_status' disappeared (was required)
2026-07-29T01:28:48.812336+00:00	schema_change	new	POST /v1/events [request] field 'suggestion_count' disappeared (was required)
2026-07-29T01:28:48.812978+00:00	schema_change	new	POST /v1/events [request] field 'capi_session_type' disappeared (was required)
2026-07-29T01:28:48.813586+00:00	schema_change	new	POST /v1/events [request] field 'initial_text_length' disappeared (was required)
2026-07-29T01:28:48.814247+00:00	schema_change	new	POST /v1/events [request] field 'plugin_activation' disappeared (was required)
2026-07-29T01:28:48.814837+00:00	schema_change	new	POST /v1/events [request] field 'session_id' type changed: ['null'] -> +string
2026-07-29T01:28:48.815482+00:00	schema_change	new	POST /v1/events [request] new field 'client_session_id' (null)
2026-07-29T01:28:48.816116+00:00	schema_change	new	POST /v1/events [request] new field 'session_duration' (number)
2026-07-29T01:28:48.816757+00:00	schema_change	new	POST /v1/events [request] new field 'session_category' (null)
2026-07-29T01:28:48.817436+00:00	schema_change	new	POST /v1/events [request] new field 'primary_ui_type' (string)
2026-07-29T01:28:48.818042+00:00	schema_change	new	POST /v1/events [request] new field 'app_platform_type' (string)
2026-07-29T01:28:48.818638+00:00	schema_change	new	POST /v1/events [request] new field 'workspace_id' (null)
2026-07-29T01:28:48.819377+00:00	schema_change	new	POST /v1/events [request] new field 'alerts.accepted_count' (number)
2026-07-29T01:28:48.820401+00:00	schema_change	new	POST /v1/events [request] new field 'alerts.accepted_autocomplete_count' (null)
2026-07-29T01:28:48.821326+00:00	schema_change	new	POST /v1/events [request] new field 'alerts.accepted_autocorrect_count' (null)
2026-07-29T01:28:48.822123+00:00	schema_change	new	POST /v1/events [request] new field 'alerts.accepted_classic_inline_count' (number)
2026-07-29T01:28:48.822798+00:00	schema_change	new	POST /v1/events [request] new field 'alerts.accepted_classic_long_form_count' (number)
2026-07-29T01:28:48.823404+00:00	schema_change	new	POST /v1/events [request] new field 'alerts.accepted_classic_short_form_count' (number)
2026-07-29T01:28:48.824045+00:00	schema_change	new	POST /v1/events [request] new field 'alerts.accepted_generation_inserts_count' (number)
2026-07-29T01:28:48.824650+00:00	schema_change	new	POST /v1/events [request] new field 'alerts.accepted_proofit_count' (null)
2026-07-29T01:28:48.825257+00:00	schema_change	new	POST /v1/events [request] new field 'alerts.accepted_snippets_count' (number)
2026-07-29T01:28:48.825900+00:00	schema_change	new	POST /v1/events [request] new field 'alerts.accepted_synonyms_count' (null)
2026-07-29T01:28:48.826495+00:00	schema_change	new	POST /v1/events [request] new field 'alerts.accepted_classic_count' (number)
2026-07-29T01:28:48.827146+00:00	schema_change	new	POST /v1/events [request] new field 'alerts.accepted_inline' (number)
2026-07-29T01:28:48.827821+00:00	schema_change	new	POST /v1/events [request] new field 'alerts.accepted_revision' (number)
2026-07-29T01:28:48.828422+00:00	schema_change	new	POST /v1/events [request] new field 'alerts.ignored_inline' (number)
2026-07-29T01:28:48.829064+00:00	schema_change	new	POST /v1/events [request] new field 'alerts.ignored_revision' (number)
2026-07-29T01:28:48.829770+00:00	schema_change	new	POST /v1/events [request] new field 'alerts.shown_inline' (number)
2026-07-29T01:28:48.830399+00:00	schema_change	new	POST /v1/events [request] new field 'alerts.accepted_vbar_count' (number)
2026-07-29T01:28:48.831003+00:00	schema_change	new	POST /v1/events [request] new field 'alerts.rewrite_under_30_chars' (number)
2026-07-29T01:28:48.831592+00:00	schema_change	new	POST /v1/events [request] new field 'alerts.rewrite_31_100_chars' (number)
2026-07-29T01:28:48.832221+00:00	schema_change	new	POST /v1/events [request] new field 'alerts.rewrite_101_200_chars' (number)
2026-07-29T01:28:48.832893+00:00	schema_change	new	POST /v1/events [request] new field 'alerts.rewrite_beyond_200_chars' (number)
2026-07-29T01:28:48.833595+00:00	schema_change	new	POST /v1/events [request] new field 'alerts.long_rewrite_count' (number)
2026-07-29T01:28:48.834329+00:00	schema_change	new	POST /v1/events [request] new field 'alerts.short_rewrite_count' (number)
2026-07-29T01:28:48.834987+00:00	schema_change	new	POST /v1/events [request] new field 'alerts.accepted_touch_typist_count' (null)
2026-07-29T01:28:48.835598+00:00	schema_change	new	POST /v1/events [request] new field 'alerts.accepted_touch_typist_individual_count' (null)
2026-07-29T01:28:48.836204+00:00	schema_change	new	POST /v1/events [request] new field 'alerts.accepted_touch_typist_revert_count' (null)
2026-07-29T01:28:48.836832+00:00	schema_change	new	POST /v1/events [request] new field 'alerts.nonce' (number)
2026-07-29T01:28:48.837407+00:00	schema_change	new	POST /v1/events [request] new field 'text_corruption.count' (number)
2026-07-29T01:28:48.838032+00:00	schema_change	new	POST /v1/events [request] new field 'text_corruption.autocomplete_count' (null)
2026-07-29T01:28:48.838621+00:00	schema_change	new	POST /v1/events [request] new field 'text_corruption.autocorrect_count' (null)
2026-07-29T01:28:48.839260+00:00	schema_change	new	POST /v1/events [request] new field 'text_corruption.classic_inline_count' (number)
2026-07-29T01:28:48.839929+00:00	schema_change	new	POST /v1/events [request] new field 'text_corruption.classic_long_form_count' (number)
2026-07-29T01:28:48.840507+00:00	schema_change	new	POST /v1/events [request] new field 'text_corruption.classic_short_form_count' (number)
2026-07-29T01:28:48.841090+00:00	schema_change	new	POST /v1/events [request] new field 'text_corruption.generation_inserts_count' (number)
2026-07-29T01:28:48.841692+00:00	schema_change	new	POST /v1/events [request] new field 'text_corruption.proofit_count' (null)
2026-07-29T01:28:48.842275+00:00	schema_change	new	POST /v1/events [request] new field 'text_corruption.snippets_count' (number)
2026-07-29T01:28:48.842867+00:00	schema_change	new	POST /v1/events [request] new field 'text_corruption.synonyms_count' (null)
2026-07-29T01:28:48.843452+00:00	schema_change	new	POST /v1/events [request] new field 'text_corruption.classic_count' (number)
2026-07-29T01:28:48.844055+00:00	schema_change	new	POST /v1/events [request] new field 'text_corruption.vbar_count' (number)
2026-07-29T01:28:48.844805+00:00	schema_change	new	POST /v1/events [request] new field 'text_corruption.rewrite_under_30_chars' (number)
2026-07-29T01:28:48.845690+00:00	schema_change	new	POST /v1/events [request] new field 'text_corruption.rewrite_31_100_chars' (number)
2026-07-29T01:28:48.846520+00:00	schema_change	new	POST /v1/events [request] new field 'text_corruption.rewrite_101_200_chars' (number)
2026-07-29T01:28:48.847250+00:00	schema_change	new	POST /v1/events [request] new field 'text_corruption.rewrite_beyond_200_chars' (number)
2026-07-29T01:28:48.847891+00:00	schema_change	new	POST /v1/events [request] new field 'text_corruption.long_rewrite_count' (number)
2026-07-29T01:28:48.848476+00:00	schema_change	new	POST /v1/events [request] new field 'text_corruption.short_rewrite_count' (number)
2026-07-29T01:28:48.849062+00:00	schema_change	new	POST /v1/events [request] new field 'text_corruption.touch_typist_count' (null)
2026-07-29T01:28:48.849694+00:00	schema_change	new	POST /v1/events [request] new field 'text_corruption.touch_typist_individual_count' (null)
2026-07-29T01:28:48.850274+00:00	schema_change	new	POST /v1/events [request] new field 'text_corruption.touch_typist_revert_count' (null)
2026-07-29T01:28:48.851011+00:00	schema_change	new	POST /v1/events [request] new field 'text_corruption.nonce' (number)
2026-07-29T01:28:48.851811+00:00	schema_change	new	POST /v1/events [request] new field 'final_text_length' (number)
2026-07-29T01:28:48.852488+00:00	schema_change	new	POST /v1/events [request] new field 'cheetah_fail_replacement_count' (null)
2026-07-29T01:28:48.853120+00:00	schema_change	new	POST /v1/events [request] new field 'cheetah_replacement_count' (null)
2026-07-29T01:28:48.853720+00:00	schema_change	new	POST /v1/events [request] new field 'fail_replacement_count' (null)
2026-07-29T01:28:48.854365+00:00	schema_change	new	POST /v1/events [request] new field 'replacement_count' (null)
2026-07-29T01:28:48.854952+00:00	schema_change	new	POST /v1/events [request] new field 'assistant_fail_replacement_count' (null)
2026-07-29T01:28:48.855656+00:00	schema_change	new	POST /v1/events [request] new field 'assistant_replacement_count' (null)
2026-07-29T01:28:48.856451+00:00	schema_change	new	POST /v1/events [request] new field 'inline_card_fail_replacement_count' (null)
2026-07-29T01:28:48.857146+00:00	schema_change	new	POST /v1/events [request] new field 'inline_card_replacement_count' (null)
2026-07-29T01:28:48.857760+00:00	schema_change	new	POST /v1/events [request] new field 'autocorrect_fail_replacement_count' (null)
2026-07-29T01:28:48.858356+00:00	schema_change	new	POST /v1/events [request] new field 'autocorrect_replacement_count' (null)
2026-07-29T01:28:48.858932+00:00	schema_change	new	POST /v1/events [request] new field 'autocomplete_fail_replacement_count' (null)
2026-07-29T01:28:48.859531+00:00	schema_change	new	POST /v1/events [request] new field 'autocomplete_replacement_count' (null)
2026-07-29T01:28:48.860137+00:00	schema_change	new	POST /v1/events [request] new field 'sidebar_fail_replacement_count' (null)
2026-07-29T01:28:48.860762+00:00	schema_change	new	POST /v1/events [request] new field 'sidebar_replacement_count' (null)
2026-07-29T01:28:48.861355+00:00	schema_change	new	POST /v1/events [request] new field 'synonyms_fail_replacement_count' (null)
2026-07-29T01:28:48.862111+00:00	schema_change	new	POST /v1/events [request] new field 'synonyms_replacement_count' (null)
2026-07-29T01:28:48.863044+00:00	schema_change	new	POST /v1/events [request] new field 'snippets_fail_replacement_count' (null)
2026-07-29T01:28:48.863901+00:00	schema_change	new	POST /v1/events [request] new field 'snippets_replacement_count' (null)
2026-07-29T01:28:48.864745+00:00	schema_change	new	POST /v1/events [request] new field 'proofit_fail_replacement_count' (null)
2026-07-29T01:28:48.865566+00:00	schema_change	new	POST /v1/events [request] new field 'proofit_replacement_count' (null)
2026-07-29T01:28:48.866373+00:00	schema_change	new	POST /v1/events [request] new field 'replacement_corrupted_count' (null)
2026-07-29T01:28:48.867058+00:00	schema_change	new	POST /v1/events [request] new field 'replacement_execution_fail_count' (null)
2026-07-29T01:28:48.867713+00:00	schema_change	new	POST /v1/events [request] new field 'replacement_validation_fail_count' (null)
2026-07-29T01:28:48.868287+00:00	schema_change	new	POST /v1/events [request] new field 'apply_status.corrupted_count' (number)
2026-07-29T01:28:48.868866+00:00	schema_change	new	POST /v1/events [request] new field 'apply_status.fail_count' (number)
2026-07-29T01:28:48.869429+00:00	schema_change	new	POST /v1/events [request] new field 'apply_status.unknown_count' (number)
2026-07-29T01:28:48.870011+00:00	schema_change	new	POST /v1/events [request] new field 'apply_status.nonce' (number)
2026-07-29T01:28:48.870624+00:00	schema_change	new	POST /v1/events [request] new field 'brand_tone_shown' (number)
2026-07-29T01:28:48.871206+00:00	schema_change	new	POST /v1/events [request] field 'emogenie_shown' type changed: ['boolean'] -> +number
2026-07-29T01:28:48.871788+00:00	schema_change	new	POST /v1/events [request] new field 'autocorrect_popups_shown' (null)
2026-07-29T01:28:48.872347+00:00	schema_change	new	POST /v1/events [request] new field 'autocorrect_reverted' (null)
2026-07-29T01:28:48.873512+00:00	schema_change	new	POST /v1/events [request] new field 'autocorrect_triggered' (null)
2026-07-29T01:28:48.874089+00:00	schema_change	new	POST /v1/events [request] new field 'vbar_card_apply_count' (null)
2026-07-29T01:28:48.874671+00:00	schema_change	new	POST /v1/events [request] new field 'vbar_card_show_count' (null)
2026-07-29T01:28:48.875254+00:00	schema_change	new	POST /v1/events [request] new field 'vbar_available' (null)
2026-07-29T01:28:48.875821+00:00	schema_change	new	POST /v1/events [request] new field 'content_text_corruption_count' (null)
2026-07-29T01:28:48.876433+00:00	schema_change	new	POST /v1/events [request] new field 'alert_text_corruption_count' (null)
2026-07-29T01:28:48.877063+00:00	schema_change	new	POST /v1/events [request] new field 'snippet_text_corruption_count' (null)
2026-07-29T01:28:48.877683+00:00	schema_change	new	POST /v1/events [request] new field 'free_premium_suggestions_available' (boolean)
2026-07-29T01:28:48.878283+00:00	schema_change	new	POST /v1/events [request] new field 'out_of_sync_count' (number)
2026-07-29T01:28:48.878893+00:00	schema_change	new	POST /v1/events [request] new field 'typed_chars_count' (number)
2026-07-29T01:28:48.879599+00:00	schema_change	new	POST /v1/events [request] new field 'time_spent_in.inline' (number)
2026-07-29T01:28:48.880455+00:00	schema_change	new	POST /v1/events [request] new field 'time_spent_in.long_form' (number)
2026-07-29T01:28:48.881257+00:00	schema_change	new	POST /v1/events [request] new field 'time_spent_in.short_form' (number)
2026-07-29T01:28:48.881991+00:00	schema_change	new	POST /v1/events [request] new field 'time_spent_in.cheetah' (number)
2026-07-29T01:28:48.882604+00:00	schema_change	new	POST /v1/events [request] new field 'time_spent_in.cheetah_web_view' (null)
2026-07-29T01:28:48.883218+00:00	schema_change	new	POST /v1/events [request] new field 'time_spent_in.oggy' (null)
2026-07-29T01:28:48.883870+00:00	schema_change	new	POST /v1/events [request] new field 'time_spent_in.print_document_view' (null)
2026-07-29T01:28:48.884467+00:00	schema_change	new	POST /v1/events [request] new field 'time_spent_in.web_document_view' (null)
2026-07-29T01:28:48.885087+00:00	schema_change	new	POST /v1/events [request] new field 'time_spent_in.nonce' (number)
2026-07-29T01:28:48.885723+00:00	schema_change	new	POST /v1/events [request] field 'hostname' type changed: ['null'] -> +string
2026-07-29T01:28:48.886453+00:00	schema_change	new	POST /v1/events [request] new field 'app_version' (string)
2026-07-29T01:28:48.887126+00:00	schema_change	new	POST /v1/events [request] new field 'extra.acc2SelectCount' (string)
2026-07-29T01:28:48.887741+00:00	schema_change	new	POST /v1/events [request] new field 'extra.acc2SelectUIAutoFallbackCount' (string)
2026-07-29T01:28:48.888366+00:00	schema_change	new	POST /v1/events [request] new field 'extra.acc2SelectUIAutoFallbackFailedCount' (string)
2026-07-29T01:28:48.888952+00:00	schema_change	new	POST /v1/events [request] new field 'extra.acc2SelectUIAutoAndKbSimFallbackCount' (string)
2026-07-29T01:28:48.889566+00:00	schema_change	new	POST /v1/events [request] new field 'extra.acc2SelectUIAutoAndKbSimFallbackFailedCount' (string)
2026-07-29T01:28:48.890176+00:00	schema_change	new	POST /v1/events [request] new field 'extra.accessible2KeyboardSimulationSelectionCount' (string)
2026-07-29T01:28:48.893058+00:00	schema_change	new	POST /v1/events [request] new field 'extra.accessible2LongKeyboardSimulationSelectionCount' (string)
2026-07-29T01:28:48.894166+00:00	schema_change	new	POST /v1/events [request] new field 'extra.isSduiFeed' (string)
2026-07-29T01:28:48.894778+00:00	schema_change	new	POST /v1/events [request] new field 'extra.pluginActivation' (string)
2026-07-29T01:28:48.895343+00:00	schema_change	new	POST /v1/events [request] new field 'extra.lockedUISuggestionsAvailable' (string)
2026-07-29T01:28:48.895927+00:00	schema_change	new	POST /v1/events [request] new field 'extra.fieldHeight' (string)
2026-07-29T01:28:48.896534+00:00	schema_change	new	POST /v1/events [request] new field 'extra.fieldWidth' (string)
2026-07-29T01:28:48.897119+00:00	schema_change	new	POST /v1/events [request] new field 'extra.pagedModeEnabled' (string)
2026-07-29T01:28:48.914702+00:00	new_endpoint	new	new endpoint: GET /uhub/configuration
2026-07-29T01:28:59.249407+00:00	new_endpoint	new	new endpoint: POST /v1/events/ingestion_front_end
2026-07-29T01:31:42.560508+00:00	new_endpoint	new	new endpoint: POST /update/llamaWindows
2026-07-29T01:31:42.561371+00:00	schema_change	new	POST /update/llamaWindows [response] new field 'version' (string)
2026-07-29T01:31:42.562323+00:00	schema_change	new	POST /update/llamaWindows [response] new field 'hash' (string)
2026-07-29T01:31:42.563211+00:00	schema_change	new	POST /update/llamaWindows [response] new field 'releaseDate' (string)
2026-07-29T01:31:42.564031+00:00	schema_change	new	POST /update/llamaWindows [response] new field 'download' (string)
2026-07-29T01:31:42.564874+00:00	schema_change	new	POST /update/llamaWindows [response] new field 'isForceUpdate' (boolean)
2026-07-29T01:31:42.565723+00:00	schema_change	new	POST /update/llamaWindows [response] new field 'targetFramework' (string)
2026-07-29T01:33:21.324180+00:00	schema_change	new	POST /v1/events [request] field 'session_duration' disappeared (was required)
2026-07-29T01:33:21.324777+00:00	schema_change	new	POST /v1/events [request] field 'primary_ui_type' disappeared (was required)
2026-07-29T01:33:21.325265+00:00	schema_change	new	POST /v1/events [request] field 'app_platform_type' disappeared (was required)
2026-07-29T01:33:21.325814+00:00	schema_change	new	POST /v1/events [request] field 'alerts.accepted_count' disappeared (was required)
2026-07-29T01:33:21.329920+00:00	schema_change	new	POST /v1/events [request] field 'alerts.accepted_classic_inline_count' disappeared (was required)
2026-07-29T01:33:21.330405+00:00	schema_change	new	POST /v1/events [request] field 'alerts.accepted_classic_long_form_count' disappeared (was required)
2026-07-29T01:33:21.330899+00:00	schema_change	new	POST /v1/events [request] field 'alerts.accepted_classic_short_form_count' disappeared (was required)
2026-07-29T01:33:21.331381+00:00	schema_change	new	POST /v1/events [request] field 'alerts.accepted_generation_inserts_count' disappeared (was required)
2026-07-29T01:33:21.331878+00:00	schema_change	new	POST /v1/events [request] field 'alerts.accepted_snippets_count' disappeared (was required)
2026-07-29T01:33:21.332370+00:00	schema_change	new	POST /v1/events [request] field 'alerts.accepted_classic_count' disappeared (was required)
2026-07-29T01:33:21.332863+00:00	schema_change	new	POST /v1/events [request] field 'alerts.accepted_inline' disappeared (was required)
2026-07-29T01:33:21.333389+00:00	schema_change	new	POST /v1/events [request] field 'alerts.accepted_revision' disappeared (was required)
2026-07-29T01:33:21.333990+00:00	schema_change	new	POST /v1/events [request] field 'alerts.ignored_inline' disappeared (was required)
2026-07-29T01:33:21.334495+00:00	schema_change	new	POST /v1/events [request] field 'alerts.ignored_revision' disappeared (was required)
2026-07-29T01:33:21.335102+00:00	schema_change	new	POST /v1/events [request] field 'alerts.shown_inline' disappeared (was required)
2026-07-29T01:33:21.335629+00:00	schema_change	new	POST /v1/events [request] field 'alerts.accepted_vbar_count' disappeared (was required)
2026-07-29T01:33:21.336139+00:00	schema_change	new	POST /v1/events [request] field 'alerts.rewrite_under_30_chars' disappeared (was required)
2026-07-29T01:33:21.336635+00:00	schema_change	new	POST /v1/events [request] field 'alerts.rewrite_31_100_chars' disappeared (was required)
2026-07-29T01:33:21.337124+00:00	schema_change	new	POST /v1/events [request] field 'alerts.rewrite_101_200_chars' disappeared (was required)
2026-07-29T01:33:21.337648+00:00	schema_change	new	POST /v1/events [request] field 'alerts.rewrite_beyond_200_chars' disappeared (was required)
2026-07-29T01:33:21.338135+00:00	schema_change	new	POST /v1/events [request] field 'alerts.long_rewrite_count' disappeared (was required)
2026-07-29T01:33:21.338626+00:00	schema_change	new	POST /v1/events [request] field 'alerts.short_rewrite_count' disappeared (was required)
2026-07-29T01:33:21.339114+00:00	schema_change	new	POST /v1/events [request] field 'alerts.nonce' disappeared (was required)
2026-07-29T01:33:21.339643+00:00	schema_change	new	POST /v1/events [request] field 'text_corruption.count' disappeared (was required)
2026-07-29T01:33:21.340122+00:00	schema_change	new	POST /v1/events [request] field 'text_corruption.classic_inline_count' disappeared (was required)
2026-07-29T01:33:21.340593+00:00	schema_change	new	POST /v1/events [request] field 'text_corruption.classic_long_form_count' disappeared (was required)
2026-07-29T01:33:21.341080+00:00	schema_change	new	POST /v1/events [request] field 'text_corruption.classic_short_form_count' disappeared (was required)
2026-07-29T01:33:21.341569+00:00	schema_change	new	POST /v1/events [request] field 'text_corruption.generation_inserts_count' disappeared (was required)
2026-07-29T01:33:21.342065+00:00	schema_change	new	POST /v1/events [request] field 'text_corruption.snippets_count' disappeared (was required)
2026-07-29T01:33:21.342562+00:00	schema_change	new	POST /v1/events [request] field 'text_corruption.classic_count' disappeared (was required)
2026-07-29T01:33:21.343062+00:00	schema_change	new	POST /v1/events [request] field 'text_corruption.vbar_count' disappeared (was required)
2026-07-29T01:33:21.343565+00:00	schema_change	new	POST /v1/events [request] field 'text_corruption.rewrite_under_30_chars' disappeared (was required)
2026-07-29T01:33:21.344070+00:00	schema_change	new	POST /v1/events [request] field 'text_corruption.rewrite_31_100_chars' disappeared (was required)
2026-07-29T01:33:21.344578+00:00	schema_change	new	POST /v1/events [request] field 'text_corruption.rewrite_101_200_chars' disappeared (was required)
2026-07-29T01:33:21.345090+00:00	schema_change	new	POST /v1/events [request] field 'text_corruption.rewrite_beyond_200_chars' disappeared (was required)
2026-07-29T01:33:21.345579+00:00	schema_change	new	POST /v1/events [request] field 'text_corruption.long_rewrite_count' disappeared (was required)
2026-07-29T01:33:21.346066+00:00	schema_change	new	POST /v1/events [request] field 'text_corruption.short_rewrite_count' disappeared (was required)
2026-07-29T01:33:21.346557+00:00	schema_change	new	POST /v1/events [request] field 'text_corruption.nonce' disappeared (was required)
2026-07-29T01:33:21.347052+00:00	schema_change	new	POST /v1/events [request] field 'final_text_length' disappeared (was required)
2026-07-29T01:33:21.347557+00:00	schema_change	new	POST /v1/events [request] field 'apply_status.corrupted_count' disappeared (was required)
2026-07-29T01:33:21.348042+00:00	schema_change	new	POST /v1/events [request] field 'apply_status.fail_count' disappeared (was required)
2026-07-29T01:33:21.348532+00:00	schema_change	new	POST /v1/events [request] field 'apply_status.unknown_count' disappeared (was required)
2026-07-29T01:33:21.349018+00:00	schema_change	new	POST /v1/events [request] field 'apply_status.nonce' disappeared (was required)
2026-07-29T01:33:21.349522+00:00	schema_change	new	POST /v1/events [request] field 'brand_tone_shown' disappeared (was required)
2026-07-29T01:33:21.350013+00:00	schema_change	new	POST /v1/events [request] field 'free_premium_suggestions_available' disappeared (was required)
2026-07-29T01:33:21.350506+00:00	schema_change	new	POST /v1/events [request] field 'out_of_sync_count' disappeared (was required)
2026-07-29T01:33:21.351010+00:00	schema_change	new	POST /v1/events [request] field 'typed_chars_count' disappeared (was required)
2026-07-29T01:33:21.351468+00:00	schema_change	new	POST /v1/events [request] field 'time_spent_in.inline' disappeared (was required)
2026-07-29T01:33:21.351981+00:00	schema_change	new	POST /v1/events [request] field 'time_spent_in.long_form' disappeared (was required)
2026-07-29T01:33:21.352454+00:00	schema_change	new	POST /v1/events [request] field 'time_spent_in.short_form' disappeared (was required)
2026-07-29T01:33:21.352935+00:00	schema_change	new	POST /v1/events [request] field 'time_spent_in.cheetah' disappeared (was required)
2026-07-29T01:33:21.353397+00:00	schema_change	new	POST /v1/events [request] field 'time_spent_in.nonce' disappeared (was required)
2026-07-29T01:33:21.353878+00:00	schema_change	new	POST /v1/events [request] field 'app_version' disappeared (was required)
2026-07-29T01:33:21.354354+00:00	schema_change	new	POST /v1/events [request] field 'extra.acc2SelectCount' disappeared (was required)
2026-07-29T01:33:21.354838+00:00	schema_change	new	POST /v1/events [request] field 'extra.acc2SelectUIAutoFallbackCount' disappeared (was required)
2026-07-29T01:33:21.355292+00:00	schema_change	new	POST /v1/events [request] field 'extra.acc2SelectUIAutoFallbackFailedCount' disappeared (was required)
2026-07-29T01:33:21.355793+00:00	schema_change	new	POST /v1/events [request] field 'extra.acc2SelectUIAutoAndKbSimFallbackCount' disappeared (was required)
2026-07-29T01:33:21.356295+00:00	schema_change	new	POST /v1/events [request] field 'extra.acc2SelectUIAutoAndKbSimFallbackFailedCount' disappeared (was required)
2026-07-29T01:33:21.356766+00:00	schema_change	new	POST /v1/events [request] field 'extra.accessible2KeyboardSimulationSelectionCount' disappeared (was required)
2026-07-29T01:33:21.357249+00:00	schema_change	new	POST /v1/events [request] field 'extra.accessible2LongKeyboardSimulationSelectionCount' disappeared (was required)
2026-07-29T01:33:21.357729+00:00	schema_change	new	POST /v1/events [request] field 'extra.isSduiFeed' disappeared (was required)
2026-07-29T01:33:21.358209+00:00	schema_change	new	POST /v1/events [request] field 'extra.pluginActivation' disappeared (was required)
2026-07-29T01:33:21.358694+00:00	schema_change	new	POST /v1/events [request] field 'extra.lockedUISuggestionsAvailable' disappeared (was required)
2026-07-29T01:33:21.359161+00:00	schema_change	new	POST /v1/events [request] field 'extra.fieldHeight' disappeared (was required)
2026-07-29T01:33:21.359642+00:00	schema_change	new	POST /v1/events [request] field 'extra.fieldWidth' disappeared (was required)
2026-07-29T01:33:21.360142+00:00	schema_change	new	POST /v1/events [request] field 'extra.pagedModeEnabled' disappeared (was required)
2026-07-29T01:33:21.360612+00:00	schema_change	new	POST /v1/events [request] field 'session_id' observed null for the first time (was always populated)
2026-07-29T01:33:21.361082+00:00	schema_change	new	POST /v1/events [request] new field 'last_stage' (string)
2026-07-29T01:33:21.361600+00:00	schema_change	new	POST /v1/events [request] new field 'trigger_reason' (string)
2026-07-29T01:33:21.362086+00:00	schema_change	new	POST /v1/events [request] new field 'trigger_ts' (number)
2026-07-29T01:33:21.362561+00:00	schema_change	new	POST /v1/events [request] new field 'intent_ts' (number)
2026-07-29T01:33:21.363017+00:00	schema_change	new	POST /v1/events [request] new field 'detection_ts' (number)
2026-07-29T01:33:21.363502+00:00	schema_change	new	POST /v1/events [request] new field 'start_session_sent_ts' (number)
2026-07-29T01:33:21.363979+00:00	schema_change	new	POST /v1/events [request] new field 'start_session_received_ts' (number)
2026-07-29T01:33:21.364449+00:00	schema_change	new	POST /v1/events [request] new field 'first_message_sent_with_revision_id_ts' (number)
2026-07-29T01:33:21.364901+00:00	schema_change	new	POST /v1/events [request] new field 'first_message_sent_with_revision_id_text_length' (number)
2026-07-29T01:33:21.365375+00:00	schema_change	new	POST /v1/events [request] new field 'first_message_received_with_revision_id_ts' (number)
2026-07-29T01:33:21.365844+00:00	schema_change	new	POST /v1/events [request] new field 'g_button_shown_ts' (number)
2026-07-29T01:33:21.366297+00:00	schema_change	new	POST /v1/events [request] new field 'g_button_initialized_ts' (number)
2026-07-29T01:33:21.366767+00:00	schema_change	new	POST /v1/events [request] new field 'g_button_shown_status' (string)
2026-07-29T01:33:21.367253+00:00	schema_change	new	POST /v1/events [request] new field 'assistant_available' (boolean)
2026-07-29T01:33:21.367747+00:00	schema_change	new	POST /v1/events [request] new field 'g_button_initialized_status' (string)
2026-07-29T01:33:21.368221+00:00	schema_change	new	POST /v1/events [request] new field 'suggestion_count' (number)
2026-07-29T01:33:21.368772+00:00	schema_change	new	POST /v1/events [request] field 'emogenie_shown' type changed: ['number'] -> +boolean
2026-07-29T01:33:21.369452+00:00	schema_change	new	POST /v1/events [request] new field 'capi_session_type' (string)
2026-07-29T01:33:21.369962+00:00	schema_change	new	POST /v1/events [request] new field 'initial_text_length' (number)
2026-07-29T01:33:21.370484+00:00	schema_change	new	POST /v1/events [request] new field 'plugin_activation' (string)
2026-07-29T01:33:21.370969+00:00	schema_change	new	POST /v1/events [request] new field 'plugin_instance_id' (null)
2026-07-29T01:33:21.371445+00:00	schema_change	new	POST /v1/events [request] field 'hostname' observed null for the first time (was always populated)
2026-07-29T01:33:21.371942+00:00	schema_change	new	POST /v1/events [request] new field 'is_decoration_shown_applicable' (null)
2026-07-29T01:48:24.152876+00:00	new_endpoint	new	new endpoint: POST /batch/log
2026-07-29T20:00:39.805811+00:00	new_endpoint	new	new endpoint: POST /tokens/v4/api/oauth2/token
2026-07-29T20:00:39.807222+00:00	schema_change	new	POST /tokens/v4/api/oauth2/token [response] new field 'access_token' (string)
2026-07-29T20:00:39.807772+00:00	schema_change	new	POST /tokens/v4/api/oauth2/token [response] new field 'refresh_token' (string)
2026-07-29T20:00:39.808310+00:00	schema_change	new	POST /tokens/v4/api/oauth2/token [response] new field 'expires_in' (number)
2026-07-29T20:00:39.812577+00:00	schema_change	new	POST /tokens/v4/api/oauth2/token [response] new field 'refresh_token_expires_in' (number)
2026-07-29T20:00:39.813091+00:00	schema_change	new	POST /tokens/v4/api/oauth2/token [response] new field 'rti' (string)
2026-07-29T20:00:39.813595+00:00	schema_change	new	POST /tokens/v4/api/oauth2/token [response] new field 'token_type' (string)
2026-07-29T20:00:39.829256+00:00	new_endpoint	new	new endpoint: POST /batch/import
2026-07-29T20:00:39.901606+00:00	new_endpoint	new	new endpoint: POST /events
2026-07-29T20:00:39.963489+00:00	new_endpoint	new	new endpoint: POST /batch/log
2026-07-29T20:00:40.179013+00:00	new_endpoint	new	new endpoint: POST /experimentation/treatment/get
2026-07-29T20:00:40.180262+00:00	schema_change	new	POST /experimentation/treatment/get [response] new field '$' (array)
2026-07-29T20:00:40.190426+00:00	new_endpoint	new	new endpoint: GET /api/configuration/cheetah/v1/settings
2026-07-29T20:00:40.285628+00:00	new_endpoint	new	new endpoint: POST /experimentation/gates/get
2026-07-29T20:00:40.286568+00:00	schema_change	new	POST /experimentation/gates/get [response] new field '$' (array)
2026-07-29T20:00:40.363642+00:00	new_endpoint	new	new endpoint: GET /passport/api/v1/passport
2026-07-29T20:00:40.524986+00:00	new_endpoint	new	new endpoint: GET /experimentation/properties/
2026-07-29T20:00:40.597409+00:00	new_endpoint	new	new endpoint: GET /privacy/v1/api/data-sharing/user
2026-07-29T20:00:40.612018+00:00	new_endpoint	new	new endpoint: GET /authorship/v1/user/1508776617/settings
2026-07-29T20:00:40.660750+00:00	new_endpoint	new	new endpoint: POST /logv2
2026-07-29T20:00:40.666909+00:00	new_endpoint	new	new endpoint: POST /v1/events
2026-07-29T20:00:40.761325+00:00	new_endpoint	new	new endpoint: GET /api/configuration/suggestion-bundles/v1/settings
2026-07-29T20:00:40.928942+00:00	new_endpoint	new	new endpoint: GET /mise/api/v1/iterable/access/token
2026-07-29T20:01:01.114438+00:00	schema_change	new	POST /v1/events [request] field 'authorship.doc_id' disappeared (was required)
2026-07-29T20:01:01.115882+00:00	schema_change	new	POST /v1/events [request] field 'client.name' disappeared (was required)
2026-07-29T20:01:01.117083+00:00	schema_change	new	POST /v1/events [request] field 'client.version' disappeared (was required)
2026-07-29T20:01:01.118112+00:00	schema_change	new	POST /v1/events [request] field 'object' disappeared (was required)
2026-07-29T20:01:01.119413+00:00	schema_change	new	POST /v1/events [request] field 'action' disappeared (was required)
2026-07-29T20:01:01.120374+00:00	schema_change	new	POST /v1/events [request] field 'object_id' disappeared (was required)
2026-07-29T20:01:01.121471+00:00	schema_change	new	POST /v1/events [request] field 'user.id' disappeared (was required)
2026-07-29T20:01:01.122879+00:00	schema_change	new	POST /v1/events [request] field 'user.container_id' disappeared (was required)
2026-07-29T20:01:01.123846+00:00	schema_change	new	POST /v1/events [request] field 'windows_version' disappeared (was required)
2026-07-29T20:01:01.125155+00:00	schema_change	new	POST /v1/events [request] field 'metadata.entry_count' disappeared (was required)
2026-07-29T20:01:01.126452+00:00	schema_change	new	POST /v1/events [request] field 'metadata.database_size_bytes' disappeared (was required)
2026-07-29T20:01:01.127766+00:00	schema_change	new	POST /v1/events [request] field 'metadata.windows_store_installation' disappeared (was required)
2026-07-29T20:01:01.129045+00:00	schema_change	new	POST /v1/events [request] field 'metadata.per_machine_installation' disappeared (was required)
2026-07-29T20:01:01.130352+00:00	schema_change	new	POST /v1/events [request] field 'metadata.running_target_framework' disappeared (was required)
2026-07-29T20:01:01.131630+00:00	schema_change	new	POST /v1/events [request] new field 'client' (string)
2026-07-29T20:01:01.132600+00:00	schema_change	new	POST /v1/events [request] new field 'client_version' (string)
2026-07-29T20:01:01.133530+00:00	schema_change	new	POST /v1/events [request] new field 'client_event_epoch' (number)
2026-07-29T20:01:01.134458+00:00	schema_change	new	POST /v1/events [request] new field 'container_id' (string)
2026-07-29T20:01:01.135307+00:00	schema_change	new	POST /v1/events [request] new field 'referral_container_id' (null)
2026-07-29T20:01:01.136403+00:00	schema_change	new	POST /v1/events [request] new field 'institution_id' (null)
2026-07-29T20:01:01.137620+00:00	schema_change	new	POST /v1/events [request] new field 'superhuman_mode' (string)
2026-07-29T20:01:01.138527+00:00	schema_change	new	POST /v1/events [request] new field 'device.system_name' (string)
2026-07-29T20:01:01.139438+00:00	schema_change	new	POST /v1/events [request] new field 'device.system_version' (string)
2026-07-29T20:01:01.140388+00:00	schema_change	new	POST /v1/events [request] new field 'device.platform' (string)
2026-07-29T20:01:01.144048+00:00	schema_change	new	POST /v1/events [request] new field 'device.browser_name' (null)
2026-07-29T20:01:01.145273+00:00	schema_change	new	POST /v1/events [request] new field 'device.browser_version' (null)
2026-07-29T20:01:01.146084+00:00	schema_change	new	POST /v1/events [request] new field 'device.user_agent' (null)
2026-07-29T20:01:01.146957+00:00	schema_change	new	POST /v1/events [request] new field 'device.nonce' (number)
2026-07-29T20:01:01.147769+00:00	schema_change	new	POST /v1/events [request] new field 'session_id' (string)
2026-07-29T20:01:01.148650+00:00	schema_change	new	POST /v1/events [request] new field 'client_session_id' (null)
2026-07-29T20:01:01.149325+00:00	schema_change	new	POST /v1/events [request] new field 'integration_id' (string)
2026-07-29T20:01:01.149976+00:00	schema_change	new	POST /v1/events [request] new field 'session_duration' (number)
2026-07-29T20:01:01.150639+00:00	schema_change	new	POST /v1/events [request] new field 'session_category' (null)
2026-07-29T20:01:01.151226+00:00	schema_change	new	POST /v1/events [request] new field 'primary_ui_type' (string)
2026-07-29T20:01:01.151817+00:00	schema_change	new	POST /v1/events [request] new field 'app_platform_type' (string)
2026-07-29T20:01:01.152427+00:00	schema_change	new	POST /v1/events [request] new field 'workspace_id' (null)
2026-07-29T20:01:01.153119+00:00	schema_change	new	POST /v1/events [request] new field 'alerts.accepted_count' (number)
2026-07-29T20:01:01.153978+00:00	schema_change	new	POST /v1/events [request] new field 'alerts.accepted_autocomplete_count' (null)
2026-07-29T20:01:01.154744+00:00	schema_change	new	POST /v1/events [request] new field 'alerts.accepted_autocorrect_count' (null)
2026-07-29T20:01:01.155371+00:00	schema_change	new	POST /v1/events [request] new field 'alerts.accepted_classic_inline_count' (number)
2026-07-29T20:01:01.155942+00:00	schema_change	new	POST /v1/events [request] new field 'alerts.accepted_classic_long_form_count' (number)
2026-07-29T20:01:01.156513+00:00	schema_change	new	POST /v1/events [request] new field 'alerts.accepted_classic_short_form_count' (number)
2026-07-29T20:01:01.157102+00:00	schema_change	new	POST /v1/events [request] new field 'alerts.accepted_generation_inserts_count' (number)
2026-07-29T20:01:01.157675+00:00	schema_change	new	POST /v1/events [request] new field 'alerts.accepted_proofit_count' (null)
2026-07-29T20:01:01.158283+00:00	schema_change	new	POST /v1/events [request] new field 'alerts.accepted_snippets_count' (number)
2026-07-29T20:01:01.158899+00:00	schema_change	new	POST /v1/events [request] new field 'alerts.accepted_synonyms_count' (null)
2026-07-29T20:01:01.159472+00:00	schema_change	new	POST /v1/events [request] new field 'alerts.accepted_classic_count' (number)
2026-07-29T20:01:01.160061+00:00	schema_change	new	POST /v1/events [request] new field 'alerts.accepted_inline' (number)
2026-07-29T20:01:01.160664+00:00	schema_change	new	POST /v1/events [request] new field 'alerts.accepted_revision' (number)
2026-07-29T20:01:01.161313+00:00	schema_change	new	POST /v1/events [request] new field 'alerts.ignored_inline' (number)
2026-07-29T20:01:01.161914+00:00	schema_change	new	POST /v1/events [request] new field 'alerts.ignored_revision' (number)
2026-07-29T20:01:01.162486+00:00	schema_change	new	POST /v1/events [request] new field 'alerts.shown_inline' (number)
2026-07-29T20:01:01.163038+00:00	schema_change	new	POST /v1/events [request] new field 'alerts.accepted_vbar_count' (number)
2026-07-29T20:01:01.163615+00:00	schema_change	new	POST /v1/events [request] new field 'alerts.rewrite_under_30_chars' (number)
2026-07-29T20:01:01.164206+00:00	schema_change	new	POST /v1/events [request] new field 'alerts.rewrite_31_100_chars' (number)
2026-07-29T20:01:01.164776+00:00	schema_change	new	POST /v1/events [request] new field 'alerts.rewrite_101_200_chars' (number)
2026-07-29T20:01:01.165349+00:00	schema_change	new	POST /v1/events [request] new field 'alerts.rewrite_beyond_200_chars' (number)
2026-07-29T20:01:01.165923+00:00	schema_change	new	POST /v1/events [request] new field 'alerts.long_rewrite_count' (number)
2026-07-29T20:01:01.166558+00:00	schema_change	new	POST /v1/events [request] new field 'alerts.short_rewrite_count' (number)
2026-07-29T20:01:01.167141+00:00	schema_change	new	POST /v1/events [request] new field 'alerts.accepted_touch_typist_count' (null)
2026-07-29T20:01:01.167740+00:00	schema_change	new	POST /v1/events [request] new field 'alerts.accepted_touch_typist_individual_count' (null)
2026-07-29T20:01:01.168304+00:00	schema_change	new	POST /v1/events [request] new field 'alerts.accepted_touch_typist_revert_count' (null)
2026-07-29T20:01:01.168923+00:00	schema_change	new	POST /v1/events [request] new field 'alerts.nonce' (number)
2026-07-29T20:01:01.169492+00:00	schema_change	new	POST /v1/events [request] new field 'text_corruption.count' (number)
2026-07-29T20:01:01.170047+00:00	schema_change	new	POST /v1/events [request] new field 'text_corruption.autocomplete_count' (null)
2026-07-29T20:01:01.170651+00:00	schema_change	new	POST /v1/events [request] new field 'text_corruption.autocorrect_count' (null)
2026-07-29T20:01:01.171225+00:00	schema_change	new	POST /v1/events [request] new field 'text_corruption.classic_inline_count' (number)
2026-07-29T20:01:01.171793+00:00	schema_change	new	POST /v1/events [request] new field 'text_corruption.classic_long_form_count' (number)
2026-07-29T20:01:01.172399+00:00	schema_change	new	POST /v1/events [request] new field 'text_corruption.classic_short_form_count' (number)
2026-07-29T20:01:01.172948+00:00	schema_change	new	POST /v1/events [request] new field 'text_corruption.generation_inserts_count' (number)
2026-07-29T20:01:01.173551+00:00	schema_change	new	POST /v1/events [request] new field 'text_corruption.proofit_count' (null)
2026-07-29T20:01:01.174106+00:00	schema_change	new	POST /v1/events [request] new field 'text_corruption.snippets_count' (number)
2026-07-29T20:01:01.174675+00:00	schema_change	new	POST /v1/events [request] new field 'text_corruption.synonyms_count' (null)
2026-07-29T20:01:01.175237+00:00	schema_change	new	POST /v1/events [request] new field 'text_corruption.classic_count' (number)
2026-07-29T20:01:01.175845+00:00	schema_change	new	POST /v1/events [request] new field 'text_corruption.vbar_count' (number)
2026-07-29T20:01:01.176491+00:00	schema_change	new	POST /v1/events [request] new field 'text_corruption.rewrite_under_30_chars' (number)
2026-07-29T20:01:01.177197+00:00	schema_change	new	POST /v1/events [request] new field 'text_corruption.rewrite_31_100_chars' (number)
2026-07-29T20:01:01.177899+00:00	schema_change	new	POST /v1/events [request] new field 'text_corruption.rewrite_101_200_chars' (number)
2026-07-29T20:01:01.178497+00:00	schema_change	new	POST /v1/events [request] new field 'text_corruption.rewrite_beyond_200_chars' (number)
2026-07-29T20:01:01.179111+00:00	schema_change	new	POST /v1/events [request] new field 'text_corruption.long_rewrite_count' (number)
2026-07-29T20:01:01.179714+00:00	schema_change	new	POST /v1/events [request] new field 'text_corruption.short_rewrite_count' (number)
2026-07-29T20:01:01.180353+00:00	schema_change	new	POST /v1/events [request] new field 'text_corruption.touch_typist_count' (null)
2026-07-29T20:01:01.180930+00:00	schema_change	new	POST /v1/events [request] new field 'text_corruption.touch_typist_individual_count' (null)
2026-07-29T20:01:01.181494+00:00	schema_change	new	POST /v1/events [request] new field 'text_corruption.touch_typist_revert_count' (null)
2026-07-29T20:01:01.182055+00:00	schema_change	new	POST /v1/events [request] new field 'text_corruption.nonce' (number)
2026-07-29T20:01:01.182626+00:00	schema_change	new	POST /v1/events [request] new field 'final_text_length' (number)
2026-07-29T20:01:01.183200+00:00	schema_change	new	POST /v1/events [request] new field 'cheetah_fail_replacement_count' (null)
2026-07-29T20:01:01.183760+00:00	schema_change	new	POST /v1/events [request] new field 'cheetah_replacement_count' (null)
2026-07-29T20:01:01.184333+00:00	schema_change	new	POST /v1/events [request] new field 'fail_replacement_count' (null)
2026-07-29T20:01:01.184896+00:00	schema_change	new	POST /v1/events [request] new field 'replacement_count' (null)
2026-07-29T20:01:01.185491+00:00	schema_change	new	POST /v1/events [request] new field 'assistant_fail_replacement_count' (null)
2026-07-29T20:01:01.186061+00:00	schema_change	new	POST /v1/events [request] new field 'assistant_replacement_count' (null)
2026-07-29T20:01:01.186667+00:00	schema_change	new	POST /v1/events [request] new field 'inline_card_fail_replacement_count' (null)
2026-07-29T20:01:01.187371+00:00	schema_change	new	POST /v1/events [request] new field 'inline_card_replacement_count' (null)
2026-07-29T20:01:01.188052+00:00	schema_change	new	POST /v1/events [request] new field 'autocorrect_fail_replacement_count' (null)
2026-07-29T20:01:01.188637+00:00	schema_change	new	POST /v1/events [request] new field 'autocorrect_replacement_count' (null)
2026-07-29T20:01:01.189233+00:00	schema_change	new	POST /v1/events [request] new field 'autocomplete_fail_replacement_count' (null)
2026-07-29T20:01:01.189822+00:00	schema_change	new	POST /v1/events [request] new field 'autocomplete_replacement_count' (null)
2026-07-29T20:01:01.190450+00:00	schema_change	new	POST /v1/events [request] new field 'sidebar_fail_replacement_count' (null)
2026-07-29T20:01:01.190999+00:00	schema_change	new	POST /v1/events [request] new field 'sidebar_replacement_count' (null)
2026-07-29T20:01:01.191559+00:00	schema_change	new	POST /v1/events [request] new field 'synonyms_fail_replacement_count' (null)
2026-07-29T20:01:01.192098+00:00	schema_change	new	POST /v1/events [request] new field 'synonyms_replacement_count' (null)
2026-07-29T20:01:01.192657+00:00	schema_change	new	POST /v1/events [request] new field 'snippets_fail_replacement_count' (null)
2026-07-29T20:01:01.193215+00:00	schema_change	new	POST /v1/events [request] new field 'snippets_replacement_count' (null)
2026-07-29T20:01:01.193769+00:00	schema_change	new	POST /v1/events [request] new field 'proofit_fail_replacement_count' (null)
2026-07-29T20:01:01.194338+00:00	schema_change	new	POST /v1/events [request] new field 'proofit_replacement_count' (null)
2026-07-29T20:01:01.194908+00:00	schema_change	new	POST /v1/events [request] new field 'replacement_corrupted_count' (null)
2026-07-29T20:01:01.195465+00:00	schema_change	new	POST /v1/events [request] new field 'replacement_execution_fail_count' (null)
2026-07-29T20:01:01.196045+00:00	schema_change	new	POST /v1/events [request] new field 'replacement_validation_fail_count' (null)
2026-07-29T20:01:01.196667+00:00	schema_change	new	POST /v1/events [request] new field 'apply_status.corrupted_count' (number)
2026-07-29T20:01:01.197237+00:00	schema_change	new	POST /v1/events [request] new field 'apply_status.fail_count' (number)
2026-07-29T20:01:01.197823+00:00	schema_change	new	POST /v1/events [request] new field 'apply_status.unknown_count' (number)
2026-07-29T20:01:01.198432+00:00	schema_change	new	POST /v1/events [request] new field 'apply_status.nonce' (number)
2026-07-29T20:01:01.199021+00:00	schema_change	new	POST /v1/events [request] new field 'brand_tone_shown' (number)
2026-07-29T20:01:01.199605+00:00	schema_change	new	POST /v1/events [request] new field 'emogenie_shown' (number)
2026-07-29T20:01:01.200225+00:00	schema_change	new	POST /v1/events [request] new field 'autocorrect_popups_shown' (null)
2026-07-29T20:01:01.200780+00:00	schema_change	new	POST /v1/events [request] new field 'autocorrect_reverted' (null)
2026-07-29T20:01:01.201569+00:00	schema_change	new	POST /v1/events [request] new field 'autocorrect_triggered' (null)
2026-07-29T20:01:01.202120+00:00	schema_change	new	POST /v1/events [request] new field 'vbar_card_apply_count' (null)
2026-07-29T20:01:01.202708+00:00	schema_change	new	POST /v1/events [request] new field 'vbar_card_show_count' (null)
2026-07-29T20:01:01.203423+00:00	schema_change	new	POST /v1/events [request] new field 'vbar_available' (null)
2026-07-29T20:01:01.204108+00:00	schema_change	new	POST /v1/events [request] new field 'content_text_corruption_count' (null)
2026-07-29T20:01:01.205291+00:00	schema_change	new	POST /v1/events [request] new field 'alert_text_corruption_count' (null)
2026-07-29T20:01:01.205910+00:00	schema_change	new	POST /v1/events [request] new field 'snippet_text_corruption_count' (null)
2026-07-29T20:01:01.206505+00:00	schema_change	new	POST /v1/events [request] new field 'free_premium_suggestions_available' (boolean)
2026-07-29T20:01:01.207098+00:00	schema_change	new	POST /v1/events [request] new field 'out_of_sync_count' (number)
2026-07-29T20:01:01.207657+00:00	schema_change	new	POST /v1/events [request] new field 'typed_chars_count' (number)
2026-07-29T20:01:01.208126+00:00	schema_change	new	POST /v1/events [request] new field 'time_spent_in.inline' (number)
2026-07-29T20:01:01.208616+00:00	schema_change	new	POST /v1/events [request] new field 'time_spent_in.long_form' (number)
2026-07-29T20:01:01.209080+00:00	schema_change	new	POST /v1/events [request] new field 'time_spent_in.short_form' (number)
2026-07-29T20:01:01.209552+00:00	schema_change	new	POST /v1/events [request] new field 'time_spent_in.cheetah' (number)
2026-07-29T20:01:01.210014+00:00	schema_change	new	POST /v1/events [request] new field 'time_spent_in.cheetah_web_view' (null)
2026-07-29T20:01:01.210498+00:00	schema_change	new	POST /v1/events [request] new field 'time_spent_in.oggy' (null)
2026-07-29T20:01:01.210941+00:00	schema_change	new	POST /v1/events [request] new field 'time_spent_in.print_document_view' (null)
2026-07-29T20:01:01.211427+00:00	schema_change	new	POST /v1/events [request] new field 'time_spent_in.web_document_view' (null)
2026-07-29T20:01:01.211878+00:00	schema_change	new	POST /v1/events [request] new field 'time_spent_in.nonce' (number)
2026-07-29T20:01:01.212356+00:00	schema_change	new	POST /v1/events [request] new field 'hostname' (string)
2026-07-29T20:01:01.212838+00:00	schema_change	new	POST /v1/events [request] new field 'app' (string)
2026-07-29T20:01:01.213315+00:00	schema_change	new	POST /v1/events [request] new field 'app_version' (string)
2026-07-29T20:01:01.213803+00:00	schema_change	new	POST /v1/events [request] new field 'extra.acc2SelectCount' (string)
2026-07-29T20:01:01.214296+00:00	schema_change	new	POST /v1/events [request] new field 'extra.acc2SelectUIAutoFallbackCount' (string)
2026-07-29T20:01:01.214762+00:00	schema_change	new	POST /v1/events [request] new field 'extra.acc2SelectUIAutoFallbackFailedCount' (string)
2026-07-29T20:01:01.215270+00:00	schema_change	new	POST /v1/events [request] new field 'extra.acc2SelectUIAutoAndKbSimFallbackCount' (string)
2026-07-29T20:01:01.215752+00:00	schema_change	new	POST /v1/events [request] new field 'extra.acc2SelectUIAutoAndKbSimFallbackFailedCount' (string)
2026-07-29T20:01:01.216243+00:00	schema_change	new	POST /v1/events [request] new field 'extra.accessible2KeyboardSimulationSelectionCount' (string)
2026-07-29T20:01:01.216735+00:00	schema_change	new	POST /v1/events [request] new field 'extra.accessible2LongKeyboardSimulationSelectionCount' (string)
2026-07-29T20:01:01.217223+00:00	schema_change	new	POST /v1/events [request] new field 'extra.isSduiFeed' (string)
2026-07-29T20:01:01.217699+00:00	schema_change	new	POST /v1/events [request] new field 'extra.pluginActivation' (string)
2026-07-29T20:01:01.218166+00:00	schema_change	new	POST /v1/events [request] new field 'extra.lockedUISuggestionsAvailable' (string)
2026-07-29T20:01:01.218643+00:00	schema_change	new	POST /v1/events [request] new field 'extra.fieldHeight' (string)
2026-07-29T20:01:01.219123+00:00	schema_change	new	POST /v1/events [request] new field 'extra.fieldWidth' (string)
2026-07-29T20:01:01.219674+00:00	schema_change	new	POST /v1/events [request] new field 'extra.pagedModeEnabled' (string)
2026-07-29T20:01:01.220199+00:00	schema_change	new	POST /v1/events [request] new field 'extra.windows_store_installation' (string)
2026-07-29T20:01:01.220703+00:00	schema_change	new	POST /v1/events [request] new field 'extra.per_machine_installation' (string)
2026-07-29T20:01:01.221195+00:00	schema_change	new	POST /v1/events [request] new field 'extra.running_target_framework' (string)
2026-07-29T20:01:06.210437+00:00	new_endpoint	new	new endpoint: GET /uhub/configuration
2026-07-29T20:01:06.288690+00:00	schema_change	new	POST /v1/events [request] field 'session_duration' disappeared (was required)
2026-07-29T20:01:06.289498+00:00	schema_change	new	POST /v1/events [request] field 'primary_ui_type' disappeared (was required)
2026-07-29T20:01:06.290130+00:00	schema_change	new	POST /v1/events [request] field 'app_platform_type' disappeared (was required)
2026-07-29T20:01:06.290743+00:00	schema_change	new	POST /v1/events [request] field 'alerts.accepted_count' disappeared (was required)
2026-07-29T20:01:06.291354+00:00	schema_change	new	POST /v1/events [request] field 'alerts.accepted_classic_inline_count' disappeared (was required)
2026-07-29T20:01:06.291957+00:00	schema_change	new	POST /v1/events [request] field 'alerts.accepted_classic_long_form_count' disappeared (was required)
2026-07-29T20:01:06.292597+00:00	schema_change	new	POST /v1/events [request] field 'alerts.accepted_classic_short_form_count' disappeared (was required)
2026-07-29T20:01:06.293207+00:00	schema_change	new	POST /v1/events [request] field 'alerts.accepted_generation_inserts_count' disappeared (was required)
2026-07-29T20:01:06.293828+00:00	schema_change	new	POST /v1/events [request] field 'alerts.accepted_snippets_count' disappeared (was required)
2026-07-29T20:01:06.294642+00:00	schema_change	new	POST /v1/events [request] field 'alerts.accepted_classic_count' disappeared (was required)
2026-07-29T20:01:06.295391+00:00	schema_change	new	POST /v1/events [request] field 'alerts.accepted_inline' disappeared (was required)
2026-07-29T20:01:06.296056+00:00	schema_change	new	POST /v1/events [request] field 'alerts.accepted_revision' disappeared (was required)
2026-07-29T20:01:06.296699+00:00	schema_change	new	POST /v1/events [request] field 'alerts.ignored_inline' disappeared (was required)
2026-07-29T20:01:06.297473+00:00	schema_change	new	POST /v1/events [request] field 'alerts.ignored_revision' disappeared (was required)
2026-07-29T20:01:06.298206+00:00	schema_change	new	POST /v1/events [request] field 'alerts.shown_inline' disappeared (was required)
2026-07-29T20:01:06.298871+00:00	schema_change	new	POST /v1/events [request] field 'alerts.accepted_vbar_count' disappeared (was required)
2026-07-29T20:01:06.299535+00:00	schema_change	new	POST /v1/events [request] field 'alerts.rewrite_under_30_chars' disappeared (was required)
2026-07-29T20:01:06.300148+00:00	schema_change	new	POST /v1/events [request] field 'alerts.rewrite_31_100_chars' disappeared (was required)
2026-07-29T20:01:06.300742+00:00	schema_change	new	POST /v1/events [request] field 'alerts.rewrite_101_200_chars' disappeared (was required)
2026-07-29T20:01:06.301344+00:00	schema_change	new	POST /v1/events [request] field 'alerts.rewrite_beyond_200_chars' disappeared (was required)
2026-07-29T20:01:06.301939+00:00	schema_change	new	POST /v1/events [request] field 'alerts.long_rewrite_count' disappeared (was required)
2026-07-29T20:01:06.302562+00:00	schema_change	new	POST /v1/events [request] field 'alerts.short_rewrite_count' disappeared (was required)
2026-07-29T20:01:06.303138+00:00	schema_change	new	POST /v1/events [request] field 'alerts.nonce' disappeared (was required)
2026-07-29T20:01:06.303731+00:00	schema_change	new	POST /v1/events [request] field 'text_corruption.count' disappeared (was required)
2026-07-29T20:01:06.304304+00:00	schema_change	new	POST /v1/events [request] field 'text_corruption.classic_inline_count' disappeared (was required)
2026-07-29T20:01:06.304942+00:00	schema_change	new	POST /v1/events [request] field 'text_corruption.classic_long_form_count' disappeared (was required)
2026-07-29T20:01:06.305529+00:00	schema_change	new	POST /v1/events [request] field 'text_corruption.classic_short_form_count' disappeared (was required)
2026-07-29T20:01:06.306129+00:00	schema_change	new	POST /v1/events [request] field 'text_corruption.generation_inserts_count' disappeared (was required)
2026-07-29T20:01:06.306771+00:00	schema_change	new	POST /v1/events [request] field 'text_corruption.snippets_count' disappeared (was required)
2026-07-29T20:01:06.307386+00:00	schema_change	new	POST /v1/events [request] field 'text_corruption.classic_count' disappeared (was required)
2026-07-29T20:01:06.308009+00:00	schema_change	new	POST /v1/events [request] field 'text_corruption.vbar_count' disappeared (was required)
2026-07-29T20:01:06.308589+00:00	schema_change	new	POST /v1/events [request] field 'text_corruption.rewrite_under_30_chars' disappeared (was required)
2026-07-29T20:01:06.309162+00:00	schema_change	new	POST /v1/events [request] field 'text_corruption.rewrite_31_100_chars' disappeared (was required)
2026-07-29T20:01:06.309738+00:00	schema_change	new	POST /v1/events [request] field 'text_corruption.rewrite_101_200_chars' disappeared (was required)
2026-07-29T20:01:06.310310+00:00	schema_change	new	POST /v1/events [request] field 'text_corruption.rewrite_beyond_200_chars' disappeared (was required)
2026-07-29T20:01:06.310892+00:00	schema_change	new	POST /v1/events [request] field 'text_corruption.long_rewrite_count' disappeared (was required)
2026-07-29T20:01:06.311467+00:00	schema_change	new	POST /v1/events [request] field 'text_corruption.short_rewrite_count' disappeared (was required)
2026-07-29T20:01:06.312068+00:00	schema_change	new	POST /v1/events [request] field 'text_corruption.nonce' disappeared (was required)
2026-07-29T20:01:06.312714+00:00	schema_change	new	POST /v1/events [request] field 'final_text_length' disappeared (was required)
2026-07-29T20:01:06.313295+00:00	schema_change	new	POST /v1/events [request] field 'apply_status.corrupted_count' disappeared (was required)
2026-07-29T20:01:06.313877+00:00	schema_change	new	POST /v1/events [request] field 'apply_status.fail_count' disappeared (was required)
2026-07-29T20:01:06.314463+00:00	schema_change	new	POST /v1/events [request] field 'apply_status.unknown_count' disappeared (was required)
2026-07-29T20:01:06.315027+00:00	schema_change	new	POST /v1/events [request] field 'apply_status.nonce' disappeared (was required)
2026-07-29T20:01:06.315634+00:00	schema_change	new	POST /v1/events [request] field 'brand_tone_shown' disappeared (was required)
2026-07-29T20:01:06.316199+00:00	schema_change	new	POST /v1/events [request] field 'free_premium_suggestions_available' disappeared (was required)
2026-07-29T20:01:06.316781+00:00	schema_change	new	POST /v1/events [request] field 'out_of_sync_count' disappeared (was required)
2026-07-29T20:01:06.317359+00:00	schema_change	new	POST /v1/events [request] field 'typed_chars_count' disappeared (was required)
2026-07-29T20:01:06.317940+00:00	schema_change	new	POST /v1/events [request] field 'time_spent_in.inline' disappeared (was required)
2026-07-29T20:01:06.318514+00:00	schema_change	new	POST /v1/events [request] field 'time_spent_in.long_form' disappeared (was required)
2026-07-29T20:01:06.319077+00:00	schema_change	new	POST /v1/events [request] field 'time_spent_in.short_form' disappeared (was required)
2026-07-29T20:01:06.319694+00:00	schema_change	new	POST /v1/events [request] field 'time_spent_in.cheetah' disappeared (was required)
2026-07-29T20:01:06.320289+00:00	schema_change	new	POST /v1/events [request] field 'time_spent_in.nonce' disappeared (was required)
2026-07-29T20:01:06.320881+00:00	schema_change	new	POST /v1/events [request] field 'app_version' disappeared (was required)
2026-07-29T20:01:06.321464+00:00	schema_change	new	POST /v1/events [request] field 'extra.acc2SelectCount' disappeared (was required)
2026-07-29T20:01:06.322024+00:00	schema_change	new	POST /v1/events [request] field 'extra.acc2SelectUIAutoFallbackCount' disappeared (was required)
2026-07-29T20:01:06.322626+00:00	schema_change	new	POST /v1/events [request] field 'extra.acc2SelectUIAutoFallbackFailedCount' disappeared (was required)
2026-07-29T20:01:06.325669+00:00	schema_change	new	POST /v1/events [request] field 'extra.acc2SelectUIAutoAndKbSimFallbackCount' disappeared (was required)
2026-07-29T20:01:06.326795+00:00	schema_change	new	POST /v1/events [request] field 'extra.acc2SelectUIAutoAndKbSimFallbackFailedCount' disappeared (was required)
2026-07-29T20:01:06.327415+00:00	schema_change	new	POST /v1/events [request] field 'extra.accessible2KeyboardSimulationSelectionCount' disappeared (was required)
2026-07-29T20:01:06.328036+00:00	schema_change	new	POST /v1/events [request] field 'extra.accessible2LongKeyboardSimulationSelectionCount' disappeared (was required)
2026-07-29T20:01:06.328623+00:00	schema_change	new	POST /v1/events [request] field 'extra.isSduiFeed' disappeared (was required)
2026-07-29T20:01:06.329189+00:00	schema_change	new	POST /v1/events [request] field 'extra.pluginActivation' disappeared (was required)
2026-07-29T20:01:06.329750+00:00	schema_change	new	POST /v1/events [request] field 'extra.lockedUISuggestionsAvailable' disappeared (was required)
2026-07-29T20:01:06.330340+00:00	schema_change	new	POST /v1/events [request] field 'extra.fieldHeight' disappeared (was required)
2026-07-29T20:01:06.330924+00:00	schema_change	new	POST /v1/events [request] field 'extra.fieldWidth' disappeared (was required)
2026-07-29T20:01:06.331513+00:00	schema_change	new	POST /v1/events [request] field 'extra.pagedModeEnabled' disappeared (was required)
2026-07-29T20:01:06.332118+00:00	schema_change	new	POST /v1/events [request] field 'session_id' observed null for the first time (was always populated)
2026-07-29T20:01:06.332696+00:00	schema_change	new	POST /v1/events [request] new field 'last_stage' (string)
2026-07-29T20:01:06.333317+00:00	schema_change	new	POST /v1/events [request] new field 'trigger_reason' (string)
2026-07-29T20:01:06.333913+00:00	schema_change	new	POST /v1/events [request] new field 'trigger_ts' (number)
2026-07-29T20:01:06.334490+00:00	schema_change	new	POST /v1/events [request] new field 'intent_ts' (number)
2026-07-29T20:01:06.335038+00:00	schema_change	new	POST /v1/events [request] new field 'detection_ts' (number)
2026-07-29T20:01:06.335604+00:00	schema_change	new	POST /v1/events [request] new field 'start_session_sent_ts' (number)
2026-07-29T20:01:06.336154+00:00	schema_change	new	POST /v1/events [request] new field 'start_session_received_ts' (number)
2026-07-29T20:01:06.336741+00:00	schema_change	new	POST /v1/events [request] new field 'first_message_sent_with_revision_id_ts' (number)
2026-07-29T20:01:06.337303+00:00	schema_change	new	POST /v1/events [request] new field 'first_message_sent_with_revision_id_text_length' (number)
2026-07-29T20:01:06.337887+00:00	schema_change	new	POST /v1/events [request] new field 'first_message_received_with_revision_id_ts' (number)
2026-07-29T20:01:06.338488+00:00	schema_change	new	POST /v1/events [request] new field 'g_button_shown_ts' (number)
2026-07-29T20:01:06.339034+00:00	schema_change	new	POST /v1/events [request] new field 'g_button_initialized_ts' (number)
2026-07-29T20:01:06.339597+00:00	schema_change	new	POST /v1/events [request] new field 'g_button_shown_status' (string)
2026-07-29T20:01:06.340149+00:00	schema_change	new	POST /v1/events [request] new field 'assistant_available' (boolean)
2026-07-29T20:01:06.340705+00:00	schema_change	new	POST /v1/events [request] new field 'g_button_initialized_status' (string)
2026-07-29T20:01:06.341305+00:00	schema_change	new	POST /v1/events [request] new field 'suggestion_count' (number)
2026-07-29T20:01:06.341883+00:00	schema_change	new	POST /v1/events [request] field 'emogenie_shown' type changed: ['number'] -> +boolean
2026-07-29T20:01:06.342454+00:00	schema_change	new	POST /v1/events [request] new field 'capi_session_type' (string)
2026-07-29T20:01:06.343010+00:00	schema_change	new	POST /v1/events [request] new field 'initial_text_length' (number)
2026-07-29T20:01:06.343591+00:00	schema_change	new	POST /v1/events [request] new field 'plugin_activation' (string)
2026-07-29T20:01:06.344145+00:00	schema_change	new	POST /v1/events [request] new field 'plugin_instance_id' (null)
2026-07-29T20:01:06.344715+00:00	schema_change	new	POST /v1/events [request] field 'hostname' observed null for the first time (was always populated)
2026-07-29T20:01:06.345277+00:00	schema_change	new	POST /v1/events [request] new field 'is_decoration_shown_applicable' (null)
2026-07-29T20:01:13.580054+00:00	schema_change	new	POST /logv2 [request] field 'Extra.Source' disappeared (was required)
2026-07-29T20:01:13.580769+00:00	schema_change	new	POST /logv2 [request] field 'Extra.OSVersion' disappeared (was required)
2026-07-29T20:01:13.581408+00:00	schema_change	new	POST /logv2 [request] field 'Extra.NetVersion' disappeared (was required)
2026-07-29T20:01:13.582143+00:00	schema_change	new	POST /logv2 [request] field 'Extra.RunningTargetFramework' disappeared (was required)
2026-07-29T20:01:13.582836+00:00	schema_change	new	POST /logv2 [request] field 'Extra.Is64BitOperatingSystem' disappeared (was required)
2026-07-29T20:01:13.583501+00:00	schema_change	new	POST /logv2 [request] field 'Extra.ProcessorCount' disappeared (was required)
2026-07-29T20:01:13.584241+00:00	schema_change	new	POST /logv2 [request] field 'Extra.ScreenCount' disappeared (was required)
2026-07-29T20:01:13.585075+00:00	schema_change	new	POST /logv2 [request] field 'Extra.ScreensInfo' disappeared (was required)
2026-07-29T20:01:13.585910+00:00	schema_change	new	POST /logv2 [request] field 'Extra.TextScaleFactor' disappeared (was required)
2026-07-29T20:01:13.586625+00:00	schema_change	new	POST /logv2 [request] field 'Extra.ScreenScales' disappeared (was required)
2026-07-29T20:01:13.587243+00:00	schema_change	new	POST /logv2 [request] field 'Exception' type changed: ['null'] -> +string
2026-07-29T20:01:13.587796+00:00	schema_change	new	POST /logv2 [request] new field 'Extra' (null)
2026-07-29T20:01:18.324169+00:00	new_endpoint	new	new endpoint: POST /v1/events/ingestion_front_end
2026-07-29T20:01:32.666589+00:00	new_endpoint	new	new endpoint: POST /treatment/get
2026-07-29T20:01:32.667285+00:00	schema_change	new	POST /treatment/get [response] new field '$' (array)
2026-07-29T20:01:32.808939+00:00	schema_change	new	GET /uhub/configuration [response] field 'inlineCard.upgradeHookName' disappeared (was required)
2026-07-29T20:01:32.809641+00:00	schema_change	new	GET /uhub/configuration [response] field 'inlineCard.upgradeHookSlot' disappeared (was required)
2026-07-29T20:01:32.810356+00:00	schema_change	new	GET /uhub/configuration [response] field 'inlineCard.upgradeHookVariant' disappeared (was required)
2026-07-29T20:01:32.811183+00:00	schema_change	new	GET /uhub/configuration [response] field 'inlineCard.upgradeHookSubVariant' disappeared (was required)
2026-07-29T20:01:32.811964+00:00	schema_change	new	GET /uhub/configuration [response] field 'inlineCard.content.title' disappeared (was required)
2026-07-29T20:01:32.812732+00:00	schema_change	new	GET /uhub/configuration [response] field 'inlineCard.content.ctaCopy' disappeared (was required)
2026-07-29T20:01:32.813504+00:00	schema_change	new	GET /uhub/configuration [response] field 'inlineCard.content.dismissCopy' disappeared (was required)
2026-07-29T20:01:32.814189+00:00	schema_change	new	GET /uhub/configuration [response] field 'inlineCard.content.ctaUrl' disappeared (was required)
2026-07-29T20:01:32.814796+00:00	schema_change	new	GET /uhub/configuration [response] field 'inlineCard.content.icon' disappeared (was required)
2026-07-29T20:01:32.815407+00:00	schema_change	new	GET /uhub/configuration [response] field 'inlineCard.content.l10n.es.header' disappeared (was required)
2026-07-29T20:01:32.816016+00:00	schema_change	new	GET /uhub/configuration [response] field 'inlineCard.content.l10n.es.ctaCopy' disappeared (was required)
2026-07-29T20:01:32.816574+00:00	schema_change	new	GET /uhub/configuration [response] field 'inlineCard.content.l10n.es.dismissCopy' disappeared (was required)
2026-07-29T20:01:32.817234+00:00	schema_change	new	GET /uhub/configuration [response] field 'inlineCard.content.l10n.de.header' disappeared (was required)
2026-07-29T20:01:32.818062+00:00	schema_change	new	GET /uhub/configuration [response] field 'inlineCard.content.l10n.de.ctaCopy' disappeared (was required)
2026-07-29T20:01:32.818762+00:00	schema_change	new	GET /uhub/configuration [response] field 'inlineCard.content.l10n.de.dismissCopy' disappeared (was required)
2026-07-29T20:01:32.819483+00:00	schema_change	new	GET /uhub/configuration [response] field 'inlineCard.content.l10n.fr.header' disappeared (was required)
2026-07-29T20:01:32.820070+00:00	schema_change	new	GET /uhub/configuration [response] field 'inlineCard.content.l10n.fr.ctaCopy' disappeared (was required)
2026-07-29T20:01:32.820688+00:00	schema_change	new	GET /uhub/configuration [response] field 'inlineCard.content.l10n.fr.dismissCopy' disappeared (was required)
2026-07-29T20:01:32.821305+00:00	schema_change	new	GET /uhub/configuration [response] field 'inlineCard.content.l10n.it.header' disappeared (was required)
2026-07-29T20:01:32.821922+00:00	schema_change	new	GET /uhub/configuration [response] field 'inlineCard.content.l10n.it.ctaCopy' disappeared (was required)
2026-07-29T20:01:32.822746+00:00	schema_change	new	GET /uhub/configuration [response] field 'inlineCard.content.l10n.it.dismissCopy' disappeared (was required)
2026-07-29T20:01:32.823430+00:00	schema_change	new	GET /uhub/configuration [response] field 'inlineCard.content.l10n.pt.header' disappeared (was required)
2026-07-29T20:01:32.824100+00:00	schema_change	new	GET /uhub/configuration [response] field 'inlineCard.content.l10n.pt.ctaCopy' disappeared (was required)
2026-07-29T20:01:32.824681+00:00	schema_change	new	GET /uhub/configuration [response] field 'inlineCard.content.l10n.pt.dismissCopy' disappeared (was required)
2026-07-29T20:01:32.825285+00:00	schema_change	new	GET /uhub/configuration [response] field 'inlineCard.tags' disappeared (was required)
2026-07-29T20:01:32.825886+00:00	schema_change	new	GET /uhub/configuration [response] field 'inlineCard.overrides' disappeared (was required)
2026-07-29T20:01:32.826473+00:00	schema_change	new	GET /uhub/configuration [response] new field 'emogenieReport.upgradeHookName' (string)
2026-07-29T20:01:32.827045+00:00	schema_change	new	GET /uhub/configuration [response] new field 'emogenieReport.upgradeHookSlot' (string)
2026-07-29T20:01:32.827649+00:00	schema_change	new	GET /uhub/configuration [response] new field 'emogenieReport.upgradeHookVariant' (string)
2026-07-29T20:01:32.828228+00:00	schema_change	new	GET /uhub/configuration [response] new field 'emogenieReport.upgradeHookSubVariant' (string)
2026-07-29T20:01:32.828789+00:00	schema_change	new	GET /uhub/configuration [response] new field 'emogenieReport.content.ctaCopy' (string)
2026-07-29T20:01:32.829529+00:00	schema_change	new	GET /uhub/configuration [response] new field 'emogenieReport.content.ctaUrl' (string)
2026-07-29T20:01:32.830217+00:00	schema_change	new	GET /uhub/configuration [response] new field 'emogenieReport.tags' (array)
2026-07-29T20:01:32.830913+00:00	schema_change	new	GET /uhub/configuration [response] new field 'plagiarismView.upgradeHookName' (string)
2026-07-29T20:01:32.831532+00:00	schema_change	new	GET /uhub/configuration [response] new field 'plagiarismView.upgradeHookSlot' (string)
2026-07-29T20:01:32.832176+00:00	schema_change	new	GET /uhub/configuration [response] new field 'plagiarismView.upgradeHookVariant' (string)
2026-07-29T20:01:32.832819+00:00	schema_change	new	GET /uhub/configuration [response] new field 'plagiarismView.upgradeHookSubVariant' (string)
2026-07-29T20:01:32.833476+00:00	schema_change	new	GET /uhub/configuration [response] new field 'plagiarismView.content.title' (string)
2026-07-29T20:01:32.834253+00:00	schema_change	new	GET /uhub/configuration [response] new field 'plagiarismView.content.subtitle' (string)
2026-07-29T20:01:32.834956+00:00	schema_change	new	GET /uhub/configuration [response] new field 'plagiarismView.content.ctaCopy' (string)
2026-07-29T20:01:32.835553+00:00	schema_change	new	GET /uhub/configuration [response] new field 'plagiarismView.content.ctaUrl' (string)
2026-07-29T20:01:32.836137+00:00	schema_change	new	GET /uhub/configuration [response] new field 'plagiarismView.content.dismissCopy' (string)
2026-07-29T20:01:32.836790+00:00	schema_change	new	GET /uhub/configuration [response] new field 'plagiarismView.tags' (array)
2026-07-29T20:01:32.851772+00:00	new_endpoint	new	new endpoint: POST /lite
2026-07-29T20:05:40.734525+00:00	new_endpoint	new	new endpoint: POST /update/llamaWindows
2026-07-29T20:05:40.735431+00:00	schema_change	new	POST /update/llamaWindows [response] new field 'version' (string)
2026-07-29T20:05:40.736209+00:00	schema_change	new	POST /update/llamaWindows [response] new field 'hash' (string)
2026-07-29T20:05:40.736852+00:00	schema_change	new	POST /update/llamaWindows [response] new field 'releaseDate' (string)
2026-07-29T20:05:40.737504+00:00	schema_change	new	POST /update/llamaWindows [response] new field 'download' (string)
2026-07-29T20:05:40.738164+00:00	schema_change	new	POST /update/llamaWindows [response] new field 'isForceUpdate' (boolean)
2026-07-29T20:05:40.738786+00:00	schema_change	new	POST /update/llamaWindows [response] new field 'targetFramework' (string)
2026-07-29T20:13:40.753412+00:00	new_endpoint	new	new endpoint: POST /batch/import
2026-07-29T20:14:02.184192+00:00	new_endpoint	new	new endpoint: POST /tokens/v4/api/oauth2/token
2026-07-29T20:14:02.185807+00:00	schema_change	new	POST /tokens/v4/api/oauth2/token [response] new field 'access_token' (string)
2026-07-29T20:14:02.187468+00:00	schema_change	new	POST /tokens/v4/api/oauth2/token [response] new field 'refresh_token' (string)
2026-07-29T20:14:02.188809+00:00	schema_change	new	POST /tokens/v4/api/oauth2/token [response] new field 'expires_in' (number)
2026-07-29T20:14:02.190100+00:00	schema_change	new	POST /tokens/v4/api/oauth2/token [response] new field 'refresh_token_expires_in' (number)
2026-07-29T20:14:02.191345+00:00	schema_change	new	POST /tokens/v4/api/oauth2/token [response] new field 'rti' (string)
2026-07-29T20:14:02.192741+00:00	schema_change	new	POST /tokens/v4/api/oauth2/token [response] new field 'token_type' (string)
2026-07-29T20:14:02.293022+00:00	new_endpoint	new	new endpoint: POST /events
2026-07-29T20:14:02.603761+00:00	new_endpoint	new	new endpoint: POST /experimentation/treatment/get
2026-07-29T20:14:02.607545+00:00	schema_change	new	POST /experimentation/treatment/get [response] new field '$' (array)
2026-07-29T20:14:02.714023+00:00	new_endpoint	new	new endpoint: POST /experimentation/gates/get
2026-07-29T20:14:02.715259+00:00	schema_change	new	POST /experimentation/gates/get [response] new field '$' (array)
2026-07-29T20:14:02.906521+00:00	new_endpoint	new	new endpoint: GET /passport/api/v1/passport
2026-07-29T20:14:02.935170+00:00	new_endpoint	new	new endpoint: GET /experimentation/properties/
2026-07-29T20:14:02.999766+00:00	new_endpoint	new	new endpoint: GET /privacy/v1/api/data-sharing/user
2026-07-29T20:14:03.021364+00:00	new_endpoint	new	new endpoint: GET /authorship/v1/user/1508776617/settings
2026-07-29T20:14:03.073067+00:00	new_endpoint	new	new endpoint: POST /logv2
2026-07-29T20:14:03.079971+00:00	new_endpoint	new	new endpoint: POST /v1/events
2026-07-29T20:14:03.170683+00:00	new_endpoint	new	new endpoint: GET /api/configuration/suggestion-bundles/v1/settings
2026-07-29T20:14:03.264091+00:00	new_endpoint	new	new endpoint: GET /api/configuration/cheetah/v1/settings
2026-07-29T20:14:03.340465+00:00	new_endpoint	new	new endpoint: GET /mise/api/v1/iterable/access/token
2026-07-29T20:19:03.142663+00:00	new_endpoint	new	new endpoint: POST /update/llamaWindows
2026-07-29T20:19:03.144608+00:00	schema_change	new	POST /update/llamaWindows [response] new field 'version' (string)
2026-07-29T20:19:03.146360+00:00	schema_change	new	POST /update/llamaWindows [response] new field 'hash' (string)
2026-07-29T20:19:03.148070+00:00	schema_change	new	POST /update/llamaWindows [response] new field 'releaseDate' (string)
2026-07-29T20:19:03.149711+00:00	schema_change	new	POST /update/llamaWindows [response] new field 'download' (string)
2026-07-29T20:19:03.151502+00:00	schema_change	new	POST /update/llamaWindows [response] new field 'isForceUpdate' (boolean)
2026-07-29T20:19:03.153473+00:00	schema_change	new	POST /update/llamaWindows [response] new field 'targetFramework' (string)
